50,0,-1,-1, (1)
186726932, 0.24644049, -0.2135934, 0.3789808, 0.4999815, 0.099999994, -1.1948, -1.0275, 1.5790198, -0.5021, 3.3946998, 9.1866, 9.806616, 5.0, 334.0, 26.5, 30.625, 1.3125, 40.519913
186726952, 0.18346901, -0.14735815, 0.32700488, 0.40287405, 0.20189999, -1.077, -0.9005, 1.4183064, -0.5157, 3.4436998, 9.1675, 9.806532, 5.0, 334.0, 26.4375, 30.75, 1.5, 40.580215
186726972, 0.15193091, -0.12283627, 0.26677358, 0.33066583, 0.1281, -0.9224, -0.94509995, 1.3268178, -0.5204, 3.4807, 9.153299, 9.806579, 5.0, 334.0, 26.3125, 30.9375, 1.5, 40.641438
186726992, 0.16294394, -0.116029486, 0.21921335, 0.29676265, 0.015, -0.8986, -0.9614, 1.3160535, -0.525, 3.5142999, 9.1402, 9.806588, 5.0, 334.0, 26.25, 31.0, 1.5, 40.648647
186727012, 0.17388715, -0.085172065, 0.18809414, 0.26994523, 0.1284, -0.86969995, -0.9598, 1.3015685, -0.5304, 3.5432, 9.128699, 9.806566, 5.0, 334.0, 25.9375, 31.0, 1.875, 40.46319
186727032, 0.14271557, 0.017278759, 0.1550376, 0.21143071, 0.435, -1.0303999, -0.8183, 1.3858441, -0.5331, 3.5786, 9.114699, 9.806544, 5.0, 334.0, 25.4375, 30.9375, 1.8125, 40.093395
186727052, 0.09641199, 0.15034266, 0.11140437, 0.21049732, 0.566, -1.0869, -0.3752, 1.2815938, -0.51699996, 3.6104, 9.1031, 9.806564, 5.0, 334.0, 25.125, 30.9375, 1.8125, 39.89586
186727072, 0.11061897, 0.26031587, 0.07126179, 0.29168332, 0.636, -1.1406, -0.057, 1.3071775, -0.48889998, 3.6253, 9.0987, 9.806537, 5.0, 334.0, 25.0, 30.6875, 1.5, 39.61026
186727092, 0.12430235, 0.21425661, 0.044191737, 0.25161454, 0.7015, -1.1590999, 0.0858, 1.3575628, -0.4367, 3.6460998, 9.0931, 9.80659, 5.0, 334.0, 24.6875, 30.5625, 1.4375, 39.31419
186727112, 0.104178704, 0.21940534, 0.023492131, 0.24401595, 0.6303, -1.2145, 0.3089, 1.4027499, -0.3949, 3.6690998, 9.0858, 9.806631, 5.0, 334.0, 24.75, 30.875, 1.375, 39.59443
186727132, 0.12526228, 0.20697859, 0.03726278, 0.24478416, 0.4517, -1.2149999, 0.2561, 1.3213042, -0.35369998, 3.6882, 9.0796995, 9.806573, 5.0, 334.0, 24.5625, 30.8125, 1.375, 39.428635
186727152, 0.17041394, 0.17793632, 0.05461135, 0.25235817, 0.28419998, -1.1037999, 0.107099995, 1.1448207, -0.3137, 3.7112, 9.0718, 9.806578, 5.0, 334.0, 24.375, 30.9375, 1.375, 39.410152
186727172, 0.19071212, 0.16257742, 0.08255407, 0.26385167, -0.1047, -1.0235, -0.2636, 1.0620731, -0.2777, 3.7424, 9.0601, 9.806533, 5.0, 334.0, 24.1875, 30.875, 1.5, 39.24985
186727192, 0.13325588, 0.20198695, 0.079499744, 0.2547078, -0.23809999, -0.9493, -0.6619, 1.1815133, -0.24239999, 3.7774, 9.046599, 9.806552, 5.0, 334.0, 24.125, 31.0, 1.1875, 39.299183
186727212, 9.5993106E-4, 0.30063295, -0.0050614546, 0.3006771, -0.0645, -0.8856, -0.62329996, 1.0848734, -0.20009999, 3.8019, 9.0374, 9.806583, 5.0, 334.0, 24.125, 31.0, 1.125, 39.297344
186727232, -0.16132078, 0.36435494, -0.13163273, 0.41964996, 0.30339998, -0.5912, -0.26139998, 0.71407205, -0.14649999, 3.8021, 9.0384, 9.806635, 5.0, 334.0, 24.1875, 31.0, 0.875, 39.329388
186727252, -0.30113912, 0.39161697, -0.2817834, 0.5687271, 0.6008, -0.3069, 0.4903, 0.83399177, -0.0909, 3.7726, 9.0514, 9.80656, 5.0, 334.0, 24.0625, 31.0, 0.6875, 39.248905
186727272, -0.33442253, 0.28091073, -0.41416663, 0.6018997, 0.5807, -0.16569999, 1.291, 1.4252543, -0.0413, 3.7177, 9.0745, 9.806607, 5.0, 334.0, 24.4375, 30.6875, 0.4375, 39.231434
186727292, -0.19720475, 0.085887656, -0.47825512, 0.52439904, 0.3525, 0.0319, 1.8815999, 1.9145997, -0.0191, 3.6504998, 9.1018, 9.806594, 5.0, 334.0, 24.625, 30.375, 0.1875, 39.10328
186727312, 0.0063704518, -0.034225907, -0.42294565, 0.42437604, -0.0712, 0.2445, 1.5253999, 1.5465105, -0.036599997, 3.6179998, 9.114699, 9.80658, 5.0, 334.0, 24.8125, 30.1875, 0.1875, 39.0766
186727332, 0.18071139, -0.061924282, -0.2613107, 0.3236889, -0.25959998, 0.37269998, 0.555, 0.7171628, -0.0738, 3.6187, 9.1142, 9.806583, 5.0, 334.0, 24.9375, 30.0, 0.1875, 39.01172
186727352, 0.22509511, -0.05852089, -0.12486085, 0.26397488, -0.072, 0.42479998, -0.49069998, 0.65301263, -0.104399994, 3.6511, 9.101, 9.806611, 5.0, 333.05884, 24.875, 30.1875, 0.25, 39.11666
186727372, 0.15995942, -0.07681194, -0.08618436, 0.19726843, 0.104899995, 0.2595, -1.1997, 1.2319189, -0.1245, 3.6917999, 9.0843, 9.8066, 5.0, 332.11768, 24.9375, 30.125, 0.1875, 39.107925
186727392, 0.059253927, -0.0535467, -0.10861184, 0.13481398, 0.15699999, 0.2127, -1.5199, 1.5427204, -0.1472, 3.7235, 9.071, 9.806588, 5.0, 331.1765, 25.25, 30.125, 0.125, 39.307682
186727412, -0.031590458, 0.0073652896, -0.14906856, 0.15255702, 0.1734, 0.1339, -1.555, 1.5703572, -0.1636, 3.7329, 9.066899, 9.806629, 5.0, 330.23535, 25.4375, 30.1875, 0.0, 39.475964
186727432, -0.09559168, 0.03741986, -0.20987584, 0.23363622, 0.3502, 0.2061, -1.42, 1.476996, -0.17369999, 3.7266998, 9.0692, 9.806571, 5.0, 329.2942, 25.5, 30.25, -0.1875, 39.564476
186727452, -0.18640116, 0.03005457, -0.31023228, 0.3631704, 0.7026, 0.443, -1.084, 1.3656324, -0.1828, 3.7085998, 9.0765, 9.806629, 5.0, 328.35303, 25.5625, 30.25, -0.5625, 39.608337
186727472, -0.33766884, 0.03572689, -0.41195005, 0.5338535, 0.8674, 0.6629, -0.2643, 1.1232425, -0.2006, 3.6734998, 9.0903, 9.806548, 5.0, 327.41187, 25.5, 30.0, -0.8125, 39.381596
186727492, -0.48279297, -0.024626596, -0.4733333, 0.6765648, 0.6559, 0.8448, 0.9072, 1.4024634, -0.2244, 3.6102998, 9.1151, 9.806613, 5.0, 326.4707, 25.8125, 29.75, -1.25, 39.406982
186727512, -0.46924922, -0.0347146, -0.4469439, 0.6489675, 0.16489999, 0.9015, 1.9320999, 2.1384351, -0.26299998, 3.5198, 9.1494, 9.806614, 5.0, 325.52954, 25.9375, 29.625, -1.6875, 39.411194
186727532, -0.20195204, 0.019058995, -0.3308446, 0.3880799, -0.1209, 0.8129, 1.88, 2.0517855, -0.30069998, 3.4313, 9.1818, 9.806615, 5.0, 324.58838, 26.25, 29.375, -1.9375, 39.44245
186727552, 0.16369443, 0.012356931, -0.15613715, 0.22655545, 0.1161, 0.58349997, 0.6487, 0.8802063, -0.322, 3.3881998, 9.197, 9.806548, 5.0, 323.64722, 26.1875, 29.5, -1.625, 39.48007
186727572, 0.3645993, 0.013002703, -0.025237462, 0.36570293, 0.4965, 0.1585, -0.75339997, 0.9161037, -0.32979998, 3.4143999, 9.187099, 9.806615, 5.0, 322.70605, 25.9375, 29.5625, -1.4375, 39.35431
186727592, 0.3474078, 0.06504842, 0.038362335, 0.35552093, 0.7022, -0.2355, -1.8069999, 1.9528937, -0.3295, 3.4810998, 9.162, 9.806573, 5.0, 321.7649, 25.6875, 29.5625, -1.4375, 39.18999
186727612, 0.16650441, 0.06583382, 0.037559487, 0.18294406, 0.86439997, -0.36789998, -2.3616, 2.5415924, -0.3152, 3.5449, 9.138, 9.806564, 5.0, 320.82373, 25.6875, 29.5, -1.4375, 39.142868
186727632, -0.08580039, -0.0069987704, 0.0012740904, 0.08609479, 0.899, -0.4549, -2.0952, 2.324865, -0.3008, 3.5755, 9.126599, 9.806604, 5.0, 319.88257, 25.75, 29.75, -1.5, 39.3748
186727652, -0.28852037, -0.098907806, -0.029984757, 0.30647323, 0.7927, -0.4019, -1.2971, 1.5723757, -0.3023, 3.5598998, 9.1326, 9.806561, 5.0, 318.9414, 25.9375, 29.8125, -1.625, 39.549713
186727672, -0.36334264, -0.070581116, -0.037611846, 0.37204063, 0.7445, -0.2783, -0.22829999, 0.8269534, -0.32279998, 3.5068998, 9.1524, 9.806578, 5.0, 318.0, 25.8125, 29.875, -1.9375, 39.529163
186727692, -0.3335499, 0.06234316, -0.032620203, 0.3408904, 0.70309997, -0.2342, 0.5681, 0.93377554, -0.3403, 3.4334, 9.1796, 9.806584, 5.0, 309.7647, 25.8125, 29.875, -2.125, 39.538795
186727712, -0.25991443, 0.17048377, 0.0010297443, 0.31083965, 0.70489997, -0.2209, 0.90029997, 1.1645689, -0.33229998, 3.378, 9.200399, 9.806561, 5.0, 301.52942, 25.625, 29.75, -2.25, 39.32894
186727732, -0.17523105, 0.2017426, 0.036861353, 0.26974943, 0.8405, -0.24919999, 0.617, 1.0720214, -0.3011, 3.3300998, 9.2189, 9.806545, 5.0, 293.29413, 25.75, 29.75, -2.625, 39.433685
186727752, -0.09880309, 0.17722073, 0.051801372, 0.20941018, 0.9776, -0.3303, -0.072299995, 1.0344211, -0.2617, 3.2979999, 9.2317, 9.806609, 5.0, 285.05884, 25.6875, 29.875, -2.875, 39.504795
186727772, -0.04166101, 0.10554006, 0.039898228, 0.12027557, 0.99079996, -0.4366, -0.6778, 1.2773868, -0.2259, 3.28, 9.238999, 9.806556, 5.0, 276.82355, 25.8125, 29.6875, -2.8125, 39.440372
186727792, 0.013770647, -0.0076096356, 0.008552114, 0.017907426, 0.9766, -0.6214, -1.1226, 1.6124876, -0.20189999, 3.2717998, 9.242499, 9.806591, 5.0, 268.58826, 25.75, 29.875, -2.8125, 39.54097
186727812, 0.054140113, -0.12941617, -0.048799407, 0.14852972, 0.9384, -0.8544, -1.2099999, 1.7534804, -0.20289999, 3.2740998, 9.2417, 9.806626, 5.0, 260.35297, 25.75, 30.0, -2.6875, 39.626823
186727832, 0.087441, -0.18229964, -0.13196434, 0.24144083, 0.7795, -1.0210999, -0.92149997, 1.5809578, -0.2304, 3.2839, 9.2375, 9.806554, 5.0, 252.11768, 25.75, 29.9375, -2.6875, 39.57953
186727852, 0.102538094, -0.19559905, -0.18903661, 0.2907024, 0.4005, -1.1135, -0.67939997, 1.3645024, -0.273, 3.2993999, 9.2308, 9.8065405, 5.0, 243.88239, 26.125, 29.875, -2.4375, 39.761448
186727872, 0.07637561, -0.21490239, -0.17303194, 0.28628016, -0.1095, -1.0957, -0.3577, 1.1577988, -0.32189998, 3.3172, 9.222899, 9.806595, 5.0, 235.6471, 26.25, 29.6875, -2.375, 39.699505
186727892, 0.05857325, -0.20483184, -0.09138544, 0.23181503, -0.6217, -1.0225999, 0.22809999, 1.2182984, -0.37849998, 3.3314, 9.2156, 9.806568, 5.0, 227.4118, 26.1875, 29.6875, -2.375, 39.658207
186727912, 0.08838347, -0.22012092, 0.010332349, 0.23742707, -0.8075, -1.1803, 0.53709996, 1.5276258, -0.4182, 3.3404999, 9.2106, 9.806579, 5.0, 219.17651, 25.9375, 29.625, -2.5, 39.454334
186727932, 0.014660765, -0.17591174, 0.08094837, 0.1941971, -0.738, -1.3698, 0.37829998, 1.6012828, -0.45839998, 3.3569, 9.2027, 9.806559, 5.0, 210.94122, 25.8125, 29.625, -2.375, 39.364532
186727952, -0.30812043, 0.023544492, 0.14227924, 0.34019983, -1.2109, -1.3663, 0.2731, 1.8459789, -0.4856, 3.3604, 9.2001, 9.806627, 5.0, 202.70593, 25.5625, 29.75, -2.5625, 39.30738
186727972, -0.7727271, 0.374792, 0.26457447, 0.89865226, -1.4303, -0.9216, 1.1251, 2.039842, -0.4721, 3.3049998, 9.220799, 9.8065815, 5.0, 194.47064, 25.3125, 29.875, -3.125, 39.28109
186727992, -1.0268644, 0.6732433, 0.42245695, 1.2985288, -0.63379997, 0.1831, 3.1018999, 3.171279, -0.3859, 3.1643999, 9.274, 9.806602, 5.0, 186.23535, 24.9375, 29.75, -3.9375, 39.018524
186728012, -0.8819323, 0.8871509, 0.5914572, 1.3837135, 0.0683, 1.1322, 5.251, 5.372108, -0.235, 2.9758, 9.3412, 9.8065605, 5.0, 178.0, 24.625, 29.8125, -4.625, 38.94312
186728032, -0.32501522, 0.8537976, 0.7168765, 1.1612567, -0.073, 1.5764999, 5.276, 5.506983, -0.0348, 2.8121998, 9.3947, 9.806634, 5.0, 178.64706, 23.875, 29.75, -5.3125, 38.513645
186728052, 0.43385395, 0.46321037, 0.7292509, 0.9667471, -0.8132, 1.3349999, 2.6279, 3.0576751, 0.2052, 2.7373, 9.414599, 9.80661, 5.0, 179.29413, 23.375, 30.125, -5.1875, 38.481377
186728072, 0.98494166, 0.062535144, 0.6555806, 1.1848235, -0.9277, 0.7675, -0.50589997, 1.3059932, 0.3197, 2.8072999, 9.390699, 9.806547, 5.0, 179.9412, 23.0, 30.625, -4.6875, 38.585793
186728092, 1.0793989, -0.10698868, 0.5298296, 1.2071736, -0.5014, 0.0077, -2.4745, 2.5247993, 0.36409998, 2.9693, 9.3392, 9.806629, 5.0, 180.58826, 22.6875, 30.8125, -3.9375, 38.466045
186728112, 0.7715577, -0.3570769, 0.4272217, 0.9514849, -0.43519998, -0.4131, -2.919, 2.9800353, 0.3764, 3.1662998, 9.2737, 9.806561, 5.0, 181.23532, 22.4375, 30.9375, -3.25, 38.35535
186728132, 0.21043435, -0.5734803, 0.36932912, 0.7138391, -0.9359, -0.106699996, -1.8026999, 2.0339668, 0.33769998, 3.306, 9.226399, 9.806637, 5.0, 181.88239, 22.25, 31.0625, -3.0, 38.32677
186728152, -0.33063516, -0.51326644, 0.38430405, 0.7214233, -1.482, 0.4398, -0.1839, 1.556781, 0.2562, 3.3425999, 9.215799, 9.806608, 5.0, 182.52945, 22.125, 31.0625, -2.9375, 38.24949
186728172, -0.57365483, -0.24158847, 0.43886304, 0.7616073, -1.8145, 0.91639996, 0.98829997, 2.2602956, 0.1866, 3.2798, 9.24, 9.806605, 5.0, 183.17651, 21.9375, 31.3125, -3.375, 38.38121
186728192, -0.43868852, 0.087214105, 0.5218011, 0.6872629, -1.8155999, 1.043, 1.133, 2.3807437, 0.1681, 3.1611998, 9.2816, 9.806607, 5.0, 183.82358, 21.25, 31.6875, -3.9375, 38.355755
186728212, -0.056653388, 0.32047737, 0.5593431, 0.64713216, -1.2317, 0.8796, 0.4025, 1.5661377, 0.2118, 3.0860999, 9.3059, 9.806561, 5.0, 184.47064, 20.9375, 32.1875, -4.1875, 38.62576
186728232, 0.32377604, 0.31930798, 0.44046873, 0.63308865, -0.48209998, 0.5915, -1.031, 1.2826744, 0.3056, 3.0726, 9.307799, 9.8066, 5.0, 185.1177, 20.3125, 32.3125, -4.1875, 38.39571
186728252, 0.47687632, 0.17961183, 0.22814944, 0.55832213, -0.0683, 0.20729999, -2.3423998, 2.3525465, 0.392, 3.1297, 9.2855, 9.806589, 5.0, 185.76477, 20.1875, 32.5625, -4.125, 38.533974
186728272, 0.36215582, 0.0813498, 0.022968533, 0.37189, -0.0766, -0.14739999, -2.85, 2.854837, 0.4394, 3.2161999, 9.253699, 9.806526, 5.0, 186.41183, 20.125, 32.625, -3.5625, 38.49802
186728292, 0.12938125, -0.05349434, -0.12452924, 0.18737312, -0.4279, -0.2701, -2.4605, 2.5119936, 0.45729998, 3.2896, 9.227, 9.806535, 5.0, 187.0589, 20.125, 32.625, -3.375, 38.481125
186728312, -0.077248275, -0.13896312, -0.20266764, 0.25758925, -0.80359995, -0.2574, -1.3843, 1.6212076, 0.4407, 3.3121, 9.2198, 9.806576, 5.0, 187.70596, 20.25, 32.6875, -3.1875, 38.583614
186728332, -0.17893115, -0.23113395, -0.20614083, 0.35767764, -1.0486, -0.33859998, -0.5276, 1.2217093, 0.4014, 3.2996, 9.2261, 9.8066, 5.0, 188.35303, 20.1875, 32.3125, -3.3125, 38.244026
186728352, -0.18687241, -0.30539772, -0.1555961, 0.39038342, -1.0509, -0.478, 0.115899995, 1.1603049, 0.34489998, 3.268, 9.2396, 9.806579, 5.0, 189.0, 20.3125, 32.0, -3.3125, 38.046947
186728372, -0.11836823, -0.27345818, -0.09445722, 0.31259012, -1.0037, -0.60969996, 0.47439998, 1.2665714, 0.278, 3.2344, 9.253699, 9.806609, 5.0, 187.76471, 20.3125, 31.9375, -3.3125, 37.994396
186728392, -0.036128316, -0.17212437, -0.057281706, 0.18496823, -0.90739995, -0.7194, 0.5733, 1.2921238, 0.2209, 3.2129998, 9.2627, 9.806619, 5.0, 186.52942, 20.5, 31.9375, -3.375, 38.100452
186728412, -0.009878564, -0.07543313, -0.03452261, 0.083543725, -0.8813, -0.74539995, 0.5212, 1.2664754, 0.18509999, 3.2064998, 9.265699, 9.806584, 5.0, 185.29413, 20.5625, 32.0, -3.3125, 38.181004
186728432, -0.0056897732, 0.010559242, -0.005323254, 0.01312281, -0.806, -0.68829995, 0.5105, 1.1764367, 0.16849999, 3.2048, 9.2666, 9.80658, 5.0, 184.05884, 20.5, 31.9375, -3.125, 38.07912
186728452, 0.044034656, 0.123272605, 0.024399703, 0.13315605, -0.66999996, -0.5815, 0.569, 1.0539465, 0.1699, 3.2038, 9.2669, 9.8065605, 5.0, 182.82355, 20.4375, 32.0625, -3.4375, 38.177372
186728472, 0.13524556, 0.2358987, 0.03375467, 0.27400535, -0.36069998, -0.54399997, 0.3958, 0.7633466, 0.19389999, 3.2117999, 9.2637, 9.806599, 5.0, 181.58826, 20.3125, 32.125, -3.625, 38.180542
186728492, 0.2149722, 0.30965632, 0.010873402, 0.37711844, -0.072799996, -0.4603, 0.0525, 0.4689693, 0.2395, 3.2366998, 9.2539, 9.8065405, 5.0, 180.35297, 20.25, 32.125, -3.875, 38.171898
186728512, 0.22944099, 0.31869712, -0.029705504, 0.39381903, 0.0558, -0.4402, -0.2456, 0.5071578, 0.2972, 3.2763999, 9.238299, 9.806595, 5.0, 179.11768, 20.25, 32.375, -3.9375, 38.388893
186728532, 0.16538739, 0.24343853, -0.0662527, 0.3016699, 0.0581, -0.7213, -0.5814, 0.9282646, 0.35369998, 3.319, 9.2211, 9.806607, 5.0, 177.88239, 20.125, 32.5625, -3.875, 38.475285
186728552, 0.011885692, 0.20717058, -0.13667673, 0.24847826, 0.1708, -0.7558, -0.8124, 1.1226754, 0.3979, 3.3530998, 9.2069, 9.80656, 5.0, 176.6471, 20.1875, 32.5, -3.6875, 38.436737
186728572, -0.21861994, 0.15032521, -0.20751965, 0.33683342, 0.105799995, -0.6253, -0.46699998, 0.78758025, 0.42369998, 3.3560998, 9.2046995, 9.806601, 5.0, 175.4118, 20.3125, 32.5, -3.9375, 38.527283
186728592, -0.43795547, -0.023230333, -0.2603333, 0.5100177, 0.0909, -0.40289998, 1.1658, 1.2368027, 0.4386, 3.3137, 9.219299, 9.806552, 5.0, 174.17651, 20.375, 32.4375, -4.3125, 38.54776
186728612, -0.5298296, -0.19699532, -0.28763026, 0.63423795, -0.056199998, -0.022599999, 3.1697998, 3.1703784, 0.419, 3.243, 9.245399, 9.806631, 5.0, 172.94122, 20.4375, 32.5, -4.625, 38.669525
186728632, -0.3880216, -0.29679325, -0.25490534, 0.5510206, -0.4227, 0.2835, 3.9973, 4.0295725, 0.36389998, 3.1469998, 9.2808, 9.806594, 5.0, 171.70593, 20.625, 32.25, -4.5, 38.54482
186728652, -0.04478515, -0.3344749, -0.15039502, 0.3694561, -0.64559996, 0.24249999, 3.6476, 3.7122219, 0.2925, 3.0765998, 9.3069, 9.806601, 5.0, 170.47064, 20.9375, 32.25, -4.4375, 38.70572
186728672, 0.3630634, -0.34536576, -0.04003785, 0.50268835, -0.46589997, 0.2741, 2.2898, 2.3527381, 0.2207, 3.069, 9.311399, 9.806611, 5.0, 169.23535, 21.0, 32.375, -3.875, 38.783455
186728692, 0.66952574, -0.2585531, 0.03403392, 0.71852124, -0.2254, 0.427, 0.40089998, 0.6275786, 0.1469, 3.1434, 9.288, 9.806604, 5.0, 168.0, 21.0625, 32.375, -3.4375, 38.7761
186728712, 0.7786612, -0.17596409, 0.09211848, 0.80359346, -0.1055, 0.519, -1.4537, 1.5471699, 0.1055, 3.2551, 9.25, 9.806595, 5.0, 166.41176, 21.0, 32.625, -2.9375, 38.910404
186728732, 0.6996676, -0.1555263, 0.13062043, 0.72854984, 0.0289, 0.4075, -2.4908, 2.524079, 0.0788, 3.3985, 9.1985, 9.806549, 5.0, 164.82352, 20.9375, 32.625, -2.625, 38.854347
186728752, 0.48949504, -0.14727089, 0.12131783, 0.5253686, 0.3037, 0.2121, -2.776, 2.8006065, 0.059, 3.5267, 9.1503, 9.806583, 5.0, 163.23528, 20.6875, 32.4375, -2.4375, 38.550037
186728772, 0.24891886, -0.1314582, 0.066060714, 0.2891468, 0.587, 0.1445, -2.5058, 2.5776894, 0.0405, 3.616, 9.1154995, 9.806602, 5.0, 161.64703, 20.6875, 32.375, -2.3125, 38.48975
186728792, 0.0389732, -0.098733276, -0.023527037, 0.10872301, 0.8134, 0.29009998, -1.7612, 1.9615307, 0.0201, 3.6636, 9.096499, 9.806562, 5.0, 160.05879, 20.75, 32.0625, -2.3125, 38.26113
186728812, -0.15243706, 0.033353243, -0.12107349, 0.19750516, 0.8226, 0.45369998, -0.6993, 1.1711255, 0.0011, 3.6703, 9.0938, 9.806543, 5.0, 158.47055, 20.8125, 32.125, -2.5625, 38.363293
186728832, -0.3199363, 0.18884462, -0.16282177, 0.405626, 0.65889996, 0.5829, 0.34849998, 0.9462419, -0.0018999999, 3.6425998, 9.105, 9.806607, 5.0, 156.88231, 20.75, 32.0625, -2.6875, 38.285625
186728852, -0.35789722, 0.26143286, -0.1465902, 0.46682572, 0.39139998, 0.6619, 1.0805, 1.3261923, 0.020399999, 3.5842, 9.128099, 9.806584, 5.0, 155.29407, 20.8125, 32.25, -3.0625, 38.504566
186728872, -0.19422024, 0.17238617, -0.107808985, 0.28117836, 0.2367, 0.4592, 1.1827999, 1.2907003, 0.0574, 3.5189, 9.153299, 9.806571, 5.0, 153.70583, 20.625, 32.4375, -3.125, 38.566147
186728892, 0.059952058, -7.15585E-4, -0.061679937, 0.086018465, 0.311, 0.159, 0.6105, 0.7033578, 0.081199996, 3.4835, 9.166699, 9.806618, 5.0, 152.11758, 20.625, 32.25, -3.1875, 38.41371
186728912, 0.2308896, -0.08995427, -0.0118333325, 0.24807622, 0.45299998, -0.1436, -0.3071, 0.5658095, 0.0764, 3.4945, 9.162499, 9.806567, 5.0, 150.52934, 20.75, 32.3125, -2.6875, 38.49523
186728932, 0.26153758, -0.071174525, 0.058590703, 0.27730957, 0.27449998, -0.4053, -1.1049, 1.2084794, 0.058799997, 3.5368, 9.1463995, 9.8065815, 5.0, 148.9411, 20.625, 32.375, -2.0625, 38.44197
186728952, 0.19921188, -0.059393555, 0.15549138, 0.25959688, 0.0581, -0.4655, -1.5277, 1.5981029, 0.0497, 3.5844998, 9.1279, 9.806614, 5.0, 147.35286, 20.5625, 32.3125, -1.75, 38.340275
186728972, 0.097529, -0.095853485, 0.24881414, 0.28391597, -0.0497, -0.5568, -1.5428, 1.6409534, 0.0497, 3.6207, 9.1136, 9.806612, 5.0, 145.76462, 20.25, 32.5, -1.5625, 38.324326
186728992, -0.014137167, -0.10758209, 0.3295356, 0.34694016, -0.0893, -0.6864, -1.3201, 1.4905648, 0.049999997, 3.6381998, 9.1066, 9.806587, 5.0, 144.17638, 20.0, 32.625, -1.5625, 38.299244
186729012, -0.09019861, -0.08683013, 0.3846182, 0.4044829, -0.1325, -0.7285, -1.0467, 1.2821269, 0.0541, 3.6353, 9.107699, 9.806555, 5.0, 142.58813, 19.5, 32.75, -1.8125, 38.158848
186729032, -0.11639601, -0.020629792, 0.41547564, 0.43196484, -0.1345, -0.6572, -0.75909996, 1.0130324, 0.0659, 3.6183999, 9.1144, 9.8066025, 5.0, 141.0, 19.125, 32.8125, -1.875, 38.025536
186729052, -0.11435397, 0.08635889, 0.41390482, 0.438009, -0.0969, -0.6148, -0.60249996, 0.86624175, 0.0969, 3.5921, 9.124499, 9.806582, 5.0, 138.70589, 18.8125, 32.625, -2.0625, 37.71677
186729072, -0.092327915, 0.15994197, 0.38955748, 0.4311159, 0.0139999995, -0.593, -0.44219998, 0.7398553, 0.133, 3.5746999, 9.130899, 9.806604, 5.0, 136.41177, 18.4375, 32.75, -2.0625, 37.639843
186729092, -0.040282197, 0.14597934, 0.3349636, 0.36760473, 0.0791, -0.6914, -0.341, 0.77496564, 0.1954, 3.5547, 9.1375, 9.806527, 5.0, 134.11766, 17.9375, 32.8125, -2.5625, 37.48307
186729112, 0.009285152, 0.12224286, 0.25871015, 0.2862874, 0.16149999, -0.768, -0.33319998, 0.852601, 0.24049999, 3.5468, 9.1396, 9.806626, 5.0, 131.82355, 17.625, 32.875, -2.625, 37.393806
186729132, 0.03939208, 0.071314156, 0.20731021, 0.22274418, 0.1995, -0.7971, -0.2927, 0.87226254, 0.2809, 3.5472, 9.1383, 9.806633, 5.0, 129.52943, 17.25, 32.9375, -2.625, 37.273743
186729152, 0.030735249, -0.02274164, 0.17343336, 0.17759778, 0.2015, -0.75189996, -0.0835, 0.78289723, 0.3083, 3.5532, 9.135, 9.806555, 5.0, 127.23531, 17.0625, 33.125, -2.5625, 37.349174
186729172, -0.0018151425, -0.14133677, 0.16845918, 0.21990423, 0.0072999997, -0.64919996, 0.44799998, 0.78880787, 0.3162, 3.5577, 9.132999, 9.806574, 5.0, 124.94119, 16.8125, 33.0, -2.4375, 37.116055
186729192, -0.003996804, -0.23005185, 0.23092452, 0.3259846, -0.3006, -0.6507, 0.849, 1.1111128, 0.3006, 3.5562, 9.1341, 9.806564, 5.0, 122.64707, 16.75, 33.125, -2.1875, 37.18351
186729212, 0.040683623, -0.21839304, 0.33965853, 0.4058554, -0.51269996, -0.74079996, 0.5631, 1.0624158, 0.2773, 3.5544, 9.1356, 9.8066225, 5.0, 120.35295, 16.5625, 33.0, -2.125, 36.984215
186729232, 0.092153385, -0.18355627, 0.4223697, 0.46966085, -0.46719998, -0.6077, 0.5844, 0.9638975, 0.2613, 3.56, 9.1338, 9.806538, 5.0, 118.05883, 16.5625, 33.1875, -2.0, 37.144672
186729252, 0.10142108, -0.11931071, 0.48048913, 0.50536233, -0.5518, -0.73039997, 1.2078999, 1.5155823, 0.25759998, 3.5746999, 9.1282, 9.806573, 5.0, 115.76471, 16.25, 33.1875, -1.9375, 37.003063
186729272, 0.10831513, -0.13264503, 0.57002455, 0.59519315, -0.81909996, -0.6653, 1.7441, 2.0384881, 0.2699, 3.5907, 9.1216, 9.806608, 5.0, 113.47059, 15.875, 33.25, -2.0, 36.899567
186729292, 0.13582152, -0.3439695, 0.693716, 0.7861325, -0.9729, -0.1094, 1.7903999, 2.0405967, 0.2865, 3.6072998, 9.1145, 9.806569, 5.0, 111.17647, 15.4375, 33.375, -2.0, 36.826717
186729312, 0.1531352, -0.63402575, 0.8022057, 1.0339115, -0.81299996, 0.5194, 1.4158, 1.7132527, 0.2737, 3.6281, 9.1066, 9.806538, 5.0, 108.88235, 15.0, 33.6875, -1.8125, 36.920628
186729332, 0.13360496, -0.6837153, 0.8870985, 1.1279453, -0.7165, 0.9553, 1.0022, 1.558966, 0.2163, 3.6520998, 9.098599, 9.806586, 5.0, 106.58823, 14.5625, 33.4375, -1.75, 36.512947
186729352, 0.09827949, -0.26977554, 0.96277595, 1.0046767, -0.9608, 1.349, 0.8231, 1.8494408, 0.1566, 3.6731, 9.0914, 9.806618, 5.0, 104.294106, 13.9375, 33.75, -1.6875, 36.553577
186729372, 0.12234758, 0.2237512, 1.0301981, 1.0612924, -1.2863, 1.393, -0.023699999, 1.896201, 0.17809999, 3.6878, 9.085, 9.80657, 5.0, 102.0, 13.1875, 33.75, -1.75, 36.2772
186729392, 0.19469148, 0.3376514, 1.0468659, 1.1170683, -1.0988, 1.1848, -1.259, 2.0484612, 0.29459998, 3.7050998, 9.0749, 9.806546, 5.0, 101.117645, 12.3125, 33.9375, -1.6875, 36.141376
186729412, 0.24858725, 0.1561546, 0.9511346, 0.99540794, -0.5021, 0.83989996, -2.3306, 2.5276933, 0.43339998, 3.7328, 9.058, 9.806579, 5.0, 100.23529, 11.25, 34.0, -1.5625, 35.84695
186729432, 0.18606955, -0.10527826, 0.7551865, 0.78486437, -0.110999994, 0.44419998, -2.7812, 2.8186357, 0.5327, 3.7687, 9.0378, 9.806563, 5.0, 99.352936, 10.6875, 34.3125, -1.4375, 35.967163
186729452, -0.011728613, -0.31143656, 0.6019291, 0.67782664, -0.4332, 0.2341, -2.0033998, 2.063026, 0.57049996, 3.7939, 9.0248995, 9.806526, 5.0, 98.47058, 10.1875, 34.4375, -1.3125, 35.93674
186729472, -0.2799159, -0.44484952, 0.54684657, 0.75847554, -0.8734, 0.4802, -0.23279999, 1.0235308, 0.5596, 3.7849998, 9.0294, 9.806602, 5.0, 97.58823, 9.6875, 34.375, -1.5, 35.745464
186729492, -0.5070531, -0.49286354, 0.53686327, 0.8878285, -1.2121999, 0.624, 2.1708, 2.5634308, 0.5159, 3.7229, 9.057799, 9.806623, 5.0, 96.70587, 9.375, 34.3125, -1.75, 35.613213
186729512, -0.4845034, -0.4632453, 0.5849646, 0.889676, -1.2257999, 0.6835, 3.5351, 3.8035102, 0.47059998, 3.6353, 9.095699, 9.80656, 5.0, 95.82352, 8.5625, 34.4375, -2.0, 35.54234
186729532, -0.18634881, -0.30541515, 0.63376397, 0.7277782, -0.9672, 0.5311, 2.6234, 2.8460095, 0.4279, 3.5417, 9.1347, 9.806603, 5.0, 94.94116, 8.0, 34.3125, -2.1875, 35.300606
186729552, 0.14245377, -0.13622294, 0.6289294, 0.6590918, -0.6505, 0.24249999, 0.26229998, 0.7421306, 0.4152, 3.4982998, 9.151999, 9.806609, 5.0, 94.05881, 7.5, 34.1875, -2.0, 35.0576
186729572, 0.25687757, -0.06773623, 0.5733581, 0.6319128, -0.33409998, -0.032899998, -1.6615, 1.6950774, 0.43219998, 3.517, 9.144, 9.80657, 5.0, 93.17645, 6.9375, 34.0625, -2.0, 34.819286
186729592, 0.13533282, -0.096621424, 0.4843987, 0.5121453, -0.0019999999, -0.2223, -2.7896, 2.798444, 0.46289998, 3.563, 9.1247, 9.8066, 5.0, 92.2941, 6.6875, 34.25, -2.0625, 34.957676
186729612, -0.064018674, -0.19102629, 0.3676536, 0.41923574, 0.089099996, -0.3296, -2.7514, 2.7725036, 0.47959998, 3.5830998, 9.1159, 9.806541, 5.0, 91.41174, 6.375, 34.0, -2.125, 34.6577
186729632, -0.21725859, -0.2844014, 0.253352, 0.43848908, -0.0695, -0.4806, -2.0707, 2.1268768, 0.4716, 3.5695, 9.121699, 9.806586, 5.0, 90.52939, 6.1875, 33.875, -2.1875, 34.504868
186729652, -0.2795494, -0.3912679, 0.18455112, 0.51507044, -0.251, -0.6892, -1.1962999, 1.4032574, 0.4373, 3.5275, 9.1397, 9.80656, 5.0, 89.64703, 6.0, 33.75, -2.125, 34.344986
186729672, -0.21544345, -0.43971825, 0.15184364, 0.51266414, -0.37829998, -0.9086, -0.2286, 1.0104072, 0.37829998, 3.4749, 9.162499, 9.806602, 5.0, 88.76468, 5.75, 33.625, -2.3125, 34.191383
186729692, -0.07812094, -0.42088616, 0.14615387, 0.45233727, -0.6048, -1.0708, 0.3989, 1.2928715, 0.3008, 3.4303, 9.182099, 9.806548, 5.0, 87.882324, 5.6875, 33.625, -2.1875, 34.1727
186729712, 0.020141099, -0.35721654, 0.1743933, 0.39802304, -0.7303, -1.1432999, 0.81369996, 1.5819546, 0.2399, 3.4167, 9.189, 9.806585, 5.0, 87.0, 5.5625, 33.625, -2.4375, 34.16904
186729732, 0.0551175, -0.25509733, 0.23401375, 0.35053533, -0.7841, -1.1697, 1.1372, 1.8100373, 0.1859, 3.4197, 9.189099, 9.806552, 5.0, 85.588234, 5.375, 33.5, -2.4375, 34.015907
186729752, 0.051888637, -0.121631995, 0.30642745, 0.33374324, -0.7432, -1.1506, 1.1695, 1.8010987, 0.1548, 3.429, 9.1862, 9.806542, 5.0, 84.17647, 5.0, 33.3125, -2.25, 33.760704
186729772, 0.045500733, 0.01293289, 0.35585517, 0.35898533, -0.5748, -1.0537, 0.9569, 1.5350362, 0.1531, 3.4376998, 9.183, 9.806564, 5.0, 82.7647, 4.75, 33.0, -2.375, 33.424587
186729792, 0.06122615, 0.08592256, 0.3692244, 0.3840026, -0.41509998, -0.87979996, 0.64629996, 1.1679296, 0.1797, 3.4448998, 9.1799, 9.806641, 5.0, 81.352936, 4.25, 32.875, -2.4375, 33.238075
186729812, 0.0953997, 0.06932448, 0.34005994, 0.35992742, -0.2206, -0.6738, 0.288, 0.76525474, 0.2206, 3.4547, 9.1753, 9.806617, 5.0, 79.94117, 4.0, 32.625, -2.5, 32.964233
186729832, 0.121213116, -0.024504423, 0.26693067, 0.29418543, -0.089899994, -0.6579, -0.0482, 0.66576093, 0.2566, 3.4706, 9.1683, 9.8065605, 5.0, 78.5294, 3.75, 32.6875, -2.5625, 33.001537
186729852, 0.12210324, -0.12814207, 0.15470599, 0.23508197, -0.035, -0.6371, -0.2262, 0.6769696, 0.2704, 3.4914, 9.16, 9.806559, 5.0, 77.11764, 3.5, 32.3125, -2.625, 32.607334
186729872, 0.09128072, -0.17379989, 0.0596379, 0.20517127, -0.17899999, -0.5665, 0.0954, 0.6017179, 0.2574, 3.513, 9.1521, 9.806546, 5.0, 75.70587, 3.375, 32.0625, -2.9375, 32.37319
186729892, 0.036075957, -0.17193238, 0.008412487, 0.17587776, -0.1805, -0.2755, 0.6306, 0.71143293, 0.2295, 3.5293999, 9.1466, 9.806611, 5.0, 74.294106, 3.375, 32.0, -2.875, 32.305668
186729912, 0.004537856, -0.1720022, -0.0011519173, 0.1720659, -0.080699995, -0.0041, 1.1227, 1.125604, 0.19839999, 3.536, 9.1447, 9.806539, 5.0, 72.88234, 3.375, 31.9375, -3.1875, 32.273125
186729932, 0.03515093, -0.1680403, -0.013456488, 0.17220397, -0.0488, 0.14379999, 1.5734999, 1.5808105, 0.1665, 3.5368998, 9.1449995, 9.806549, 5.0, 71.47057, 3.375, 31.9375, -3.25, 32.279358
186729952, 0.118490405, -0.0953997, -0.033859387, 0.1558446, 0.081099994, 0.2778, 1.8500999, 1.8725971, 0.1345, 3.5433998, 9.1431, 9.806633, 5.0, 70.05881, 3.3125, 32.0625, -3.1875, 32.39038
186729972, 0.21369812, -0.029059732, -0.055780724, 0.22276185, 0.35619998, 0.4957, 1.5543, 1.6698638, 0.1144, 3.5651999, 9.1349, 9.806638, 5.0, 68.64704, 3.4375, 31.9375, -3.375, 32.298775
186729992, 0.31974432, -0.030682888, -0.08237954, 0.3316086, 0.5924, 0.7545, 0.6885, 1.1807795, 0.1038, 3.6081998, 9.1181, 9.806612, 5.0, 67.235275, 3.3125, 32.0625, -3.4375, 32.415936
186730012, 0.4136954, -0.10328858, -0.11301007, 0.44111642, 0.7502, 0.7777, -0.50659996, 1.193424, 0.0931, 3.6608, 9.097199, 9.806587, 5.0, 65.82351, 3.25, 31.8125, -3.5625, 32.175907
186730032, 0.44397685, -0.15472344, -0.15458381, 0.49492517, 0.8757, 0.61759996, -1.5842999, 1.9126648, 0.0657, 3.7361999, 9.0667, 9.806557, 5.0, 64.41174, 3.4375, 31.8125, -3.4375, 32.181797
186730052, 0.3737797, -0.21121974, -0.20849703, 0.47727987, 0.9334, 0.5671, -2.2992, 2.5454192, 0.0177, 3.8327, 9.0266, 9.806601, 5.0, 63.0, 3.6875, 31.75, -3.125, 32.115818
186730072, 0.20867157, -0.2809631, -0.28188813, 0.4493829, 1.0555, 0.5426, -2.3938, 2.6718483, -0.025799999, 3.8867, 9.0035, 9.806636, 5.0, 63.0, 3.9375, 31.5625, -3.125, 31.960302
186730092, -0.029408798, -0.27138126, -0.37967893, 0.4676203, 1.1453999, 0.6227, -1.9243, 2.3243551, -0.1059, 3.9276, 8.9851, 9.806593, 5.0, 63.0, 4.1875, 31.5625, -3.3125, 32.010925
186730112, -0.28998646, -0.11129965, -0.47668433, 0.56895316, 1.1478, 0.69549996, -1.1019, 1.736476, -0.1769, 3.9218998, 8.9865, 9.806619, 5.0, 63.0, 4.625, 31.375, -3.75, 31.934992
186730132, -0.46158722, 0.040631264, -0.54735273, 0.7171532, 0.9503, 0.82769996, -0.2218, 1.2795907, -0.23439999, 3.8676999, 9.0086, 9.806576, 5.0, 63.0, 4.9375, 31.1875, -4.25, 31.860659
186730152, -0.48593456, 0.061348323, -0.5546656, 0.7399662, 0.59279996, 0.77099997, 0.6252, 1.1561694, -0.2692, 3.7817, 9.0441, 9.806603, 5.0, 63.0, 5.125, 31.0, -4.5, 31.741386
186730172, -0.3562566, -0.066706486, -0.5067738, 0.62304753, 0.35869998, 0.58169997, 1.3534, 1.516157, -0.29979998, 3.6904, 9.0807, 9.806531, 5.0, 63.0, 5.5, 30.8125, -4.875, 31.676897
186730192, -0.1118756, -0.22350687, -0.40303144, 0.47424236, 0.2807, 0.2685, 1.4063, 1.45896, -0.3493, 3.6223998, 9.106299, 9.806553, 5.0, 63.0, 5.875, 30.8125, -4.9375, 31.753815
186730212, 0.10691887, -0.2765125, -0.28235936, 0.4094113, 0.1252, 0.048899997, 0.331, 0.35724956, -0.41939998, 3.5988998, 9.1126995, 9.806593, 5.0, 63.0, 6.125, 31.0625, -5.0, 32.052994
186730232, 0.17638297, -0.20261528, -0.13816026, 0.30207974, -0.2057, -0.1989, -0.85499996, 0.9016089, -0.49049997, 3.6158, 9.1024, 9.806542, 5.0, 63.0, 6.125, 31.0625, -5.0625, 32.062805
186730252, 0.103777274, -0.10384709, 0.01743584, 0.14784434, -0.35459998, -0.40359998, -1.5854, 1.6739556, -0.5377, 3.6464999, 9.0875, 9.806565, 5.0, 63.0, 6.0, 30.875, -5.125, 31.867401
186730272, -0.04246386, -0.037926003, 0.14582226, 0.15654294, -0.42499998, -0.51199996, -1.7434, 1.8660687, -0.5556, 3.6655, 9.0788, 9.806589, 5.0, 63.0, 5.875, 30.875, -5.0, 31.824224
186730292, -0.17346828, -0.035534903, 0.25239205, 0.30831107, -0.46769997, -0.58669996, -1.3244, 1.5221679, -0.5521, 3.6595, 9.0814, 9.806558, 5.0, 63.0, 5.6875, 30.9375, -5.1875, 31.880821
186730312, -0.21879448, -0.024102997, 0.34339353, 0.40788615, -0.4892, -0.6253, -0.6501, 1.0261319, -0.54039997, 3.6306999, 9.093699, 9.806599, 5.0, 63.0, 5.625, 30.9375, -5.25, 31.879963
186730332, -0.17941985, 0.01298525, 0.42854816, 0.46477264, -0.55829996, -0.6712, -0.0871, 0.8773794, -0.5203, 3.5946, 9.1092, 9.806599, 5.0, 63.0, 5.375, 31.0, -5.5625, 31.950462
186730352, -0.10026917, 0.06649704, 0.48965213, 0.5042172, -0.5225, -0.631, 0.096, 0.8248534, -0.48749998, 3.5662, 9.1222, 9.806629, 5.0, 63.0, 4.9375, 30.9375, -5.625, 31.829992
186730372, -0.03255039, 0.123290055, 0.53620005, 0.5511538, -0.5103, -0.6545, 0.0196, 0.8301569, -0.44079998, 3.5523999, 9.1299, 9.806576, 5.0, 63.0, 4.625, 30.75, -5.75, 31.623024
186730392, -0.018936822, 0.16805775, 0.56868064, 0.59329563, -0.3058, -0.71489996, -0.1699, 0.795903, -0.3805, 3.5509, 9.1332, 9.80658, 5.0, 63.0, 4.3125, 30.625, -5.875, 31.480215
186730412, -0.0315381, 0.14109242, 0.5594478, 0.5778266, -0.092199996, -0.76339996, -0.2705, 0.8151384, -0.30969998, 3.5514, 9.1357, 9.806599, 5.0, 60.882355, 3.9375, 30.625, -6.0625, 31.466623
186730432, -0.032375857, 0.049043752, 0.5202128, 0.5235216, -0.078999996, -0.8249, -0.1656, 0.84505874, -0.2445, 3.5488, 9.1387, 9.806609, 5.0, 58.76471, 3.6875, 30.5625, -6.25, 31.412205
186730452, -0.020420352, -0.060405847, 0.49014083, 0.49427107, -0.12459999, -0.7892, 0.0574, 0.8010347, -0.199, 3.5451999, 9.1412, 9.806609, 5.0, 56.647064, 3.5, 30.3125, -6.625, 31.224802
186730472, -0.0078016217, -0.17467254, 0.48588222, 0.5163844, -0.3245, -0.7224, 0.2523, 0.8311542, -0.17559999, 3.5433998, 9.1424, 9.80663, 5.0, 54.52942, 3.375, 30.25, -6.6875, 31.163692
186730492, -0.0021816615, -0.2755875, 0.5141565, 0.5833611, -0.5524, -0.8005, 0.3505, 1.033826, -0.1731, 3.5437, 9.1423, 9.806601, 5.0, 52.411774, 3.0, 30.0, -7.0, 30.951574
186730512, -0.0225322, -0.33960617, 0.5360255, 0.63495153, -0.6965, -0.9267, 0.3807, 1.2201711, -0.18599999, 3.5451, 9.1414995, 9.806597, 5.0, 50.29413, 2.8125, 29.75, -7.25, 30.749556
186730532, -0.10833259, -0.37892842, 0.55599207, 0.6815056, -0.829, -0.8109, 0.8904, 1.4620575, -0.2104, 3.5430999, 9.1417, 9.806554, 5.0, 48.176483, 2.75, 29.875, -7.625, 30.955109
186730552, -0.26911232, -0.29653144, 0.59034014, 0.7133399, -0.92319995, -0.6436, 1.8449, 2.161059, -0.2437, 3.5240998, 9.1482, 9.8065405, 5.0, 46.058838, 2.5, 29.875, -8.0, 31.028465
186730572, -0.38145915, -0.1948311, 0.65674996, 0.7840859, -1.078, -0.1753, 2.6138, 2.8328016, -0.2556, 3.4824998, 9.1638, 9.806547, 5.0, 43.941193, 2.25, 29.5625, -8.375, 30.80819
186730592, -0.30422834, -0.16676621, 0.7514166, 0.8276429, -1.245, 0.3396, 3.0469, 3.3089201, -0.2455, 3.4090998, 9.1917, 9.806609, 5.0, 41.823547, 1.625, 29.25, -8.75, 30.573936
186730612, -0.06340781, -0.16495107, 0.8733453, 0.89104515, -1.2727, 0.78279996, 2.9703, 3.3249395, -0.2276, 3.362, 9.209499, 9.806617, 5.0, 39.705902, 1.0625, 29.5, -9.0625, 30.878922
186730632, 0.18334684, -0.0646819, 1.0124305, 1.0309294, -1.2026, 1.1180999, 1.7017, 2.3647785, -0.1997, 3.3541, 9.212999, 9.806591, 5.0, 37.588257, 0.4375, 29.6875, -9.0, 31.024815
186730652, 0.35665804, 0.0027750735, 1.1244633, 1.1796739, -1.0821999, 1.2926999, -0.33519998, 1.7188917, -0.1436, 3.3913, 9.200399, 9.806574, 5.0, 35.47061, -0.0625, 29.5625, -9.25, 30.975924
186730672, 0.42504004, -0.0033510323, 1.166962, 1.2419624, -0.92399997, 1.2332, -2.2426999, 2.7210772, -0.0663, 3.4592998, 9.176, 9.806637, 5.0, 33.352966, -0.6875, 29.75, -9.375, 31.199772
186730692, 0.34533083, -0.03827507, 1.1428416, 1.1944895, -0.7302, 1.0371, -3.2916, 3.5275202, 0.0143, 3.5377998, 9.1462, 9.80659, 5.0, 31.23532, -1.5, 29.875, -9.4375, 31.366096
186730712, 0.14048155, 0.0012391837, 1.1155447, 1.124356, -0.5789, 0.746, -3.267, 3.400725, 0.088599995, 3.5997, 9.1216, 9.806594, 5.0, 29.117672, -2.1875, 29.75, -9.375, 31.268806
186730732, -0.07819075, -0.026895523, 1.0838494, 1.0869989, -0.5008, 0.6827, -2.4713, 2.6123176, 0.17719999, 3.6246998, 9.1104, 9.806592, 5.0, 27.0, -2.625, 29.6875, -9.75, 31.357628
186730752, -0.23853415, -0.17589428, 1.0103362, 1.0529085, -0.3803, 0.76379997, -1.0545, 1.3564619, 0.243, 3.6078, 9.1156, 9.806602, 5.0, 27.0, -3.3125, 29.375, -10.0625, 31.226866
186730772, -0.32660347, -0.26944393, 0.91825265, 1.0111666, -0.4105, 0.7935, 0.18259999, 0.9118636, 0.283, 3.5588999, 9.1336, 9.806555, 5.0, 27.0, -3.8125, 29.625, -10.5, 31.661108
186730792, -0.35744342, -0.25597, 0.8323126, 0.94129205, -0.514, 0.7186, 0.9131, 1.2705643, 0.29819998, 3.4938998, 9.158199, 9.806573, 5.0, 27.0, -4.0625, 29.3125, -10.6875, 31.463459
186730812, -0.33484143, -0.20381954, 0.7470358, 0.84363717, -0.6616, 0.58919996, 0.99469995, 1.3320282, 0.30859998, 3.4233, 9.1845, 9.806592, 5.0, 27.0, -4.5, 29.0625, -11.4375, 31.55464
186730832, -0.2558129, -0.18298031, 0.665878, 0.73642075, -0.6058, 0.3464, 0.6471, 0.9516958, 0.3214, 3.3569999, 9.2085, 9.80659, 5.0, 27.0, -5.1875, 28.9375, -11.5, 31.568007
186730852, -0.13931218, -0.29002136, 0.58273053, 0.66565394, -0.35189998, 0.1158, 0.1278, 0.39188784, 0.33229998, 3.303, 9.2276, 9.806571, 5.0, 27.0, -5.3125, 28.75, -11.625, 31.463085
186730872, -0.053284902, -0.4333478, 0.47548005, 0.6455315, -0.1704, -0.12789999, -0.2552, 0.3324479, 0.3175, 3.2749, 9.2381, 9.806542, 5.0, 27.0, -5.625, 28.6875, -11.875, 31.553587
186730892, -0.035185836, -0.51255083, 0.3664668, 0.631066, -0.14559999, -0.4163, -0.59529996, 0.74086916, 0.2633, 3.2610998, 9.2446995, 9.806558, 5.0, 27.0, -5.75, 28.5, -12.25, 31.549564
186730912, -0.0898321, -0.47363, 0.27337092, 0.5541903, -0.43449998, -0.5904, -0.5308, 0.90504754, 0.19919999, 3.2538, 9.248899, 9.8065815, 5.0, 27.0, -6.125, 28.3125, -12.5, 31.54938
186730932, -0.14186037, -0.34932765, 0.23535764, 0.44446304, -0.58989996, -0.63729995, -0.4107, 0.9606288, 0.129, 3.2363, 9.2563, 9.806598, 5.0, 27.0, -6.1875, 28.4375, -12.75, 31.773245
186730952, -0.14035937, -0.2335076, 0.27029914, 0.38378143, -0.6087, -0.713, -0.1656, 0.9520021, 0.0792, 3.2094998, 9.2662, 9.806611, 5.0, 27.0, -5.9375, 28.1875, -13.0625, 31.629385
186730972, -0.063582346, -0.13905038, 0.28333676, 0.32195875, -0.37649998, -0.80799997, -0.106199995, 0.89771634, 0.052899998, 3.1832, 9.2754, 9.80656, 5.0, 27.0, -6.1875, 28.4375, -13.4375, 32.05531
186730992, 0.037716564, -0.049480084, 0.26850146, 0.2756154, -0.2401, -0.97819996, -0.2285, 1.0328288, 0.044, 3.1699, 9.28, 9.806559, 5.0, 27.0, -6.3125, 28.625, -13.75, 32.377472
186731012, 0.08646361, 0.04173082, 0.24593434, 0.26400968, -0.1096, -0.9819, -0.32439998, 1.0398918, 0.0508, 3.1759999, 9.2779, 9.806579, 5.0, 27.0, -6.4375, 28.8125, -14.125, 32.72793
186731032, 0.060039327, 0.1378461, 0.2208365, 0.26716104, 0.0241, -0.9465, -0.2992, 0.99295706, 0.0739, 3.1917999, 9.2723, 9.806559, 5.0, 27.0, -6.9375, 28.75, -14.375, 32.883614
186731052, 0.019303342, 0.21921335, 0.18282324, 0.28609693, 0.24159999, -0.9532, -0.107999995, 0.98925465, 0.12109999, 3.2047, 9.2674, 9.806603, 5.0, 27.0, -7.125, 28.6875, -14.5, 32.923977
186731072, 0.018936822, 0.2718874, 0.10560987, 0.29229233, 0.4353, -0.9213, 0.0994, 1.0237969, 0.1628, 3.2071998, 9.2659, 9.806606, 5.0, 27.0, -7.125, 28.875, -14.6875, 33.170074
186731092, 0.050073497, 0.25905922, 2.0943952E-4, 0.26385427, 0.59419996, -0.8495, 0.25849998, 1.0684316, 0.21959999, 3.2103, 9.263599, 9.806555, 5.0, 27.117647, -7.125, 28.9375, -14.8125, 33.279945
186731112, 0.05157448, 0.21123719, -0.13906783, 0.2581103, 0.6838, -0.68329996, 0.3513, 1.0285392, 0.2674, 3.2196999, 9.2591, 9.806575, 5.0, 27.235294, -7.0, 29.0, -15.0625, 33.41974
186731132, 0.0049043754, 0.14704399, -0.2926219, 0.32752645, 0.5363, -0.77099997, 0.3656, 1.0078304, 0.2972, 3.23, 9.2546, 9.806571, 5.0, 27.352942, -7.3125, 29.0, -15.125, 33.514748
186731152, -0.06319837, 0.0898321, -0.44779912, 0.46107253, 0.3223, -0.6408, 0.44529998, 0.8442713, 0.30519998, 3.2328, 9.2534, 9.806607, 5.0, 27.470589, -7.0625, 28.625, -15.4375, 33.280415
186731172, -0.14177309, -0.023230333, -0.56745887, 0.58536214, 0.0995, -0.3653, 1.2067, 1.2647012, 0.2926, 3.2238, 9.2569, 9.806564, 5.0, 27.588236, -6.6875, 28.5, -15.5, 33.12435
186731192, -0.18097319, -0.14679964, -0.6379353, 0.67916334, -0.2516, -0.1041, 2.0212, 2.0394578, 0.2516, 3.2006998, 9.2661, 9.806548, 5.0, 27.705883, -6.5625, 28.5, -15.625, 33.158062
186731212, -0.16432275, -0.05825909, -0.6310412, 0.65468246, -0.59529996, 0.1397, 1.9796, 2.0718865, 0.18339999, 3.1699, 9.278299, 9.806566, 5.0, 27.82353, -6.1875, 28.625, -15.9375, 33.34186
186731232, -0.08478809, 0.06899287, -0.547632, 0.55843514, -0.76989996, 0.3858, 1.214, 1.4884164, 0.1325, 3.1415, 9.288899, 9.806643, 5.0, 27.941177, -5.8125, 28.75, -16.125, 33.47183
186731252, 0.030264009, -0.021834068, -0.4294208, 0.43103927, -0.66969997, 0.67539996, 0.8362, 1.2664492, 0.1107, 3.1271, 9.294, 9.806602, 5.0, 28.058825, -5.8125, 29.0, -16.4375, 33.8375
186731272, 0.19778071, -0.3705683, -0.33580133, 0.5377737, -0.25599998, 0.96629995, 0.6321, 1.182718, 0.0795, 3.1336, 9.2921, 9.806574, 5.0, 28.176472, -5.4375, 29.25, -16.5625, 34.05063
186731292, 0.38838813, -0.5707925, -0.28729865, 0.74779004, -0.0774, 0.91499996, -0.0028, 0.918272, -0.0106999995, 3.1706, 9.2799, 9.806598, 5.0, 28.294119, -5.4375, 29.5625, -16.6875, 34.379944
186731312, 0.48857, -0.440748, -0.23696335, 0.6993648, -0.1294, 0.6336, -1.2028999, 1.3657092, -0.1353, 3.2422, 9.2541, 9.806556, 5.0, 28.411766, -4.9375, 30.1875, -16.6875, 34.844463
186731332, 0.41866958, -0.22142991, -0.1542871, 0.49811637, 0.1051, 0.5367, -2.2675, 2.3325198, -0.23259999, 3.3316, 9.2204, 9.806602, 5.0, 28.529413, -4.8125, 30.625, -16.6875, 35.206867
186731352, 0.148161, -0.017470745, -0.13006194, 0.19792174, 0.48999998, 0.5248, -2.3558, 2.4627848, -0.28399998, 3.4078999, 9.191, 9.806575, 5.0, 28.64706, -4.5625, 30.875, -16.9375, 35.510014
186731372, -0.20003219, 0.055833083, -0.18816395, 0.28024253, 0.7966, 0.6591, -1.6688, 1.9631296, -0.29639998, 3.4343998, 9.180699, 9.806539, 5.0, 28.764708, -4.1875, 31.125, -17.3125, 35.861168
186731392, -0.4271519, 0.04923574, -0.2558129, 0.50032306, 0.839, 0.88229996, -0.3897, 1.2783741, -0.2996, 3.3927999, 9.1961, 9.806585, 5.0, 28.882355, -3.875, 31.1875, -17.6875, 36.06277
186731412, -0.45959756, 0.013718287, -0.28351128, 0.5401822, 0.6308, 0.96699995, 0.66279995, 1.3312781, -0.30719998, 3.3206, 9.222199, 9.806616, 5.0, 29.0, -3.4375, 31.3125, -18.125, 36.342876
186731432, -0.3165678, -0.08913396, -0.25848326, 0.4182985, 0.196, 0.86069995, 1.0739, 1.3901372, -0.32349998, 3.2338998, 9.252399, 9.806613, 5.0, 28.588236, -3.125, 31.25, -18.4375, 36.417984
186731452, -0.072326444, -0.22792254, -0.14313444, 0.2786885, 0.0725, 0.5159, 0.79929996, 0.95409095, -0.35689998, 3.1734998, 9.271999, 9.806551, 5.0, 28.176472, -2.9375, 31.3125, -18.6875, 36.583115
186731472, 0.13739231, -0.30459487, -0.022863813, 0.33492902, 0.4183, 0.0209, 0.1787, 0.45535195, -0.4085, 3.1590998, 9.274799, 9.806563, 5.0, 27.764708, -2.8125, 31.625, -18.5, 36.74644
186731492, 0.18177605, -0.23232077, 0.051434852, 0.29943448, 0.551, -0.39249998, -0.5834, 0.8933156, -0.47259998, 3.1869, 9.2623, 9.806624, 5.0, 27.352943, -2.6875, 31.625, -18.6875, 36.83186
186731512, 0.06274459, -0.151896, 0.15594517, 0.22655722, 0.37129998, -0.49899998, -1.2671, 1.4115264, -0.5086, 3.2175999, 9.2497, 9.806558, 5.0, 26.94118, -2.625, 31.9375, -18.5625, 37.03324
186731532, -0.12463396, -0.13147566, 0.26864108, 0.32401776, 0.23269999, -0.4073, -1.3399, 1.4196389, -0.5269, 3.2308998, 9.2441, 9.806616, 5.0, 26.529415, -2.6875, 32.0, -18.8125, 37.217373
186731552, -0.2520779, -0.14814354, 0.3592062, 0.46316183, 0.0446, -0.3608, -0.9941, 1.0584898, -0.5349, 3.2087, 9.2513, 9.80655, 5.0, 26.117651, -2.875, 31.9375, -19.1875, 37.36883
186731572, -0.26043802, -0.19282398, 0.4190012, 0.52968955, -0.0981, -0.4091, -0.6835, 0.80259496, -0.53929996, 3.1701999, 9.2644, 9.806636, 5.0, 25.705887, -2.8125, 31.9375, -19.5, 37.525513
186731592, -0.15042993, -0.23153538, 0.44132397, 0.52058107, -0.16679999, -0.5313, -0.4134, 0.6935427, -0.5489, 3.1265, 9.2786, 9.806564, 5.0, 25.294123, -3.1875, 31.9375, -19.75, 37.685894
186731612, -0.021851523, -0.19118336, 0.42531928, 0.46682444, -0.121599995, -0.6425, -0.3319, 0.7333147, -0.5647, 3.1035, 9.285399, 9.806592, 5.0, 24.882359, -3.1875, 32.125, -19.9375, 37.94311
186731632, 0.043458696, -0.12191125, 0.39920917, 0.4196653, -0.1907, -0.8182, -0.5076, 0.98156786, -0.57409996, 3.1044, 9.2845, 9.806571, 5.0, 24.470594, -3.4375, 32.3125, -20.125, 38.22211
186731652, 0.05454154, -0.09929178, 0.3869046, 0.40314862, -0.24159999, -0.9526, -0.6211, 1.1625758, -0.5722, 3.1169999, 9.280399, 9.806575, 5.0, 24.05883, -3.4375, 32.5, -20.4375, 38.54553
186731672, 0.037681658, -0.07147123, 0.3874282, 0.39576337, -0.15879999, -1.0557, -0.6656, 1.2580712, -0.5667, 3.1316, 9.2758, 9.806556, 5.0, 23.647066, -3.4375, 32.75, -20.625, 38.85575
186731692, 0.038344882, -0.082920596, 0.37758452, 0.38847938, -0.071499996, -1.1913999, -0.5251, 1.3039464, -0.556, 3.143, 9.2726, 9.806564, 5.0, 23.235302, -3.625, 32.75, -20.9375, 39.039494
186731712, 0.055169858, -0.13079497, 0.35021776, 0.37789354, 0.057499997, -1.3468, -0.36479998, 1.3965155, -0.54789996, 3.1543999, 9.269199, 9.806554, 5.0, 22.823538, -3.8125, 32.9375, -21.125, 39.315132
186731732, 0.070581116, -0.21580996, 0.3086615, 0.38318083, -0.008599999, -1.4209, -0.2225, 1.4382409, -0.5503, 3.1685998, 9.264299, 9.806636, 5.0, 22.411774, -4.0, 33.3125, -21.3125, 39.748528
186731752, 0.047647487, -0.2383247, 0.27659976, 0.36820698, -0.10569999, -1.3356, -0.048899997, 1.3406682, -0.57089996, 3.1852, 9.257299, 9.806581, 5.0, 22.0, -4.1875, 33.4375, -21.6875, 40.074295
186731772, -0.025673794, -0.2295457, 0.28199285, 0.36451384, -0.30449998, -1.2645999, 0.2315, 1.3211833, -0.5976, 3.1973, 9.2514, 9.806541, 5.0, 21.588236, -4.3125, 33.625, -22.0, 40.41334
186731792, -0.1328021, -0.18521434, 0.28982937, 0.3687029, -0.1988, -1.3148999, 0.8997, 1.6055975, -0.62479997, 3.1959999, 9.2501, 9.806586, 5.0, 21.176472, -4.5, 33.8125, -22.5625, 40.897453
186731812, -0.2773328, -0.057054814, 0.25726154, 0.3825601, -0.18429999, -1.2062, 2.0906, 2.420639, -0.6393, 3.1773, 9.2556, 9.806634, 5.0, 20.764708, -4.5, 33.8125, -22.8125, 41.035904
186731832, -0.3766595, -0.08075638, 0.26174703, 0.46573114, -0.5624, -1.1266999, 3.29, 3.522761, -0.634, 3.1292999, 9.2723, 9.806631, 5.0, 20.352943, -4.5625, 33.8125, -23.25, 41.28758
186731852, -0.3312984, -0.21608922, 0.3472856, 0.52636534, -0.70059997, -0.99719995, 4.013, 4.193974, -0.63299996, 3.0627, 9.294499, 9.806556, 5.0, 19.94118, -4.75, 33.875, -23.75, 41.643013
186731872, -0.22059216, -0.29611257, 0.48574257, 0.6101552, -0.7969, -0.5599, 4.3273997, 4.4356427, -0.6544, 2.9998, 9.313499, 9.806544, 5.0, 19.529415, -4.9375, 33.8125, -24.375, 41.973858
186731892, -0.073635444, -0.36491343, 0.6695083, 0.7660453, -1.0547999, 0.1017, 4.3967, 4.5226007, -0.6809, 2.9652998, 9.3227, 9.806598, 5.0, 19.117651, -5.25, 34.0, -24.6875, 42.344246
186731912, 0.21357594, -0.4479213, 0.90643674, 1.0333807, -1.333, 0.91169995, 2.995, 3.4026623, -0.70669997, 2.9613, 9.322, 9.806549, 5.0, 18.705887, -5.25, 33.9375, -24.75, 42.33059
186731932, 0.5598667, -0.3803596, 1.1343942, 1.3209747, -1.4015, 1.3765, 0.37629998, 2.000139, -0.7362, 3.0142, 9.3028, 9.806604, 5.0, 18.294123, -5.4375, 34.1875, -24.75, 42.554836
186731952, 0.8244412, -0.26218337, 1.2719611, 1.5382875, -1.1258, 1.507, -2.3588, 3.0170202, -0.7374, 3.1348999, 9.2627, 9.806578, 5.0, 17.882359, -6.0, 34.625, -24.5625, 42.874317
186731972, 0.8086634, -0.15191346, 1.2572829, 1.5025892, -0.7766, 1.3246, -4.2338, 4.503636, -0.70409995, 3.3055, 9.2058, 9.806571, 5.0, 17.470594, -6.625, 35.125, -24.1875, 43.15891
186731992, 0.51972413, -0.03965388, 1.1795284, 1.2895631, -0.75509995, 1.0389, -4.7359, 4.906958, -0.6471, 3.471, 9.1489, 9.806577, 5.0, 17.05883, -7.25, 35.5, -24.3125, 43.63382
186732012, 0.1696111, 0.049113564, 1.1729485, 1.1861653, -0.81119996, 0.98149997, -4.1006, 4.293752, -0.5715, 3.5802999, 9.1118, 9.806634, 5.0, 16.647066, -8.125, 35.75, -24.4375, 44.05984
186732032, -0.066636674, 0.010541788, 1.169807, 1.1717508, -0.5611, 1.0835999, -2.7257, 2.9863794, -0.47829998, 3.6234999, 9.099999, 9.806555, 5.0, 16.235302, -8.625, 35.6875, -24.5, 44.13885
186732052, -0.21764256, -0.038152896, 1.106434, 1.128282, -0.3706, 1.1104, -1.0153999, 1.5496353, -0.3746, 3.6209, 9.1059, 9.806561, 5.0, 15.823537, -9.375, 35.8125, -24.6875, 44.496048
186732072, -0.3655243, 0.04152138, 1.0205988, 1.0848751, -0.38939998, 1.2515, 1.1883999, 1.7692312, -0.31649998, 3.5953, 9.118199, 9.806524, 5.0, 15.411772, -9.75, 35.6875, -24.875, 44.580555
186732092, -0.4147426, 0.1482308, 0.9583603, 1.054722, -0.6264, 1.2982999, 3.0058, 3.3335857, -0.2365, 3.5342, 9.1445, 9.806548, 5.0, 15.0, -10.5625, 35.625, -25.4375, 45.030804
186732112, -0.21060888, 0.17198475, 0.91518086, 0.9547203, -0.59279996, 1.3339, 2.7997, 3.1573756, -0.1426, 3.4619, 9.1741, 9.806589, 5.0, 15.294118, -11.625, 35.8125, -25.625, 45.544662
186732132, 0.0667763, 0.19675097, 0.8337612, 0.85926, -0.2557, 1.1891, 0.84319997, 1.4799756, -0.0482, 3.425, 9.1889, 9.806571, 5.0, 15.588236, -12.3125, 35.875, -25.5625, 45.738983
186732152, 0.19493583, 0.1413193, 0.7297047, 0.76840097, 0.21059999, 0.8103, -1.1913999, 1.4561498, 0.0541, 3.4384, 9.1839, 9.806607, 5.0, 15.882354, -12.875, 35.75, -25.5, 45.761097
186732172, 0.12918927, 0.04279547, 0.5943893, 0.6097704, 0.7305, 0.49809998, -2.5421999, 2.6915634, 0.122499995, 3.4694998, 9.1715, 9.806572, 5.0, 16.176472, -13.5, 35.9375, -25.6875, 46.190926
186732192, -0.073426, -0.12233013, 0.39816195, 0.42295268, 0.99539995, 0.21599999, -3.1018999, 3.2648523, 0.1715, 3.4915, 9.162399, 9.806607, 5.0, 16.470589, -13.625, 35.9375, -26.0, 46.40199
186732212, -0.27380726, -0.282499, 0.23172736, 0.45658916, 0.7256, 0.0149, -2.5288, 2.6308832, 0.1765, 3.4766, 9.1679, 9.806543, 5.0, 16.764706, -13.8125, 35.875, -26.5, 46.691013
186732232, -0.369556, -0.35873497, 0.110601515, 0.52677804, 0.31059998, -0.11449999, -1.6954, 1.7274153, 0.14039999, 3.4255998, 9.187699, 9.806542, 5.0, 17.058823, -13.5625, 35.875, -27.0625, 46.939705
186732252, -0.36292377, -0.2848552, 0.062151175, 0.46553078, 0.2615, -0.2807, -0.9956, 1.0669556, 0.081599995, 3.3574, 9.2136, 9.806591, 5.0, 17.35294, -13.5, 35.9375, -27.6875, 47.33235
186732272, -0.33093187, -0.14039429, 0.017453292, 0.35990426, 0.45729998, -0.58309996, -0.4807, 0.88329005, 0.032899998, 3.2904, 9.238, 9.806552, 5.0, 17.647057, -13.375, 35.875, -28.0625, 47.470097
186732292, -0.29096383, -0.025411993, -0.034854226, 0.29414374, 0.6602, -0.81409997, -0.071899995, 1.0506153, 0.0064999997, 3.2261, 9.2607, 9.806545, 5.0, 17.941174, -13.125, 35.875, -28.5, 47.660583
186732312, -0.24853489, 0.06747443, -0.097843155, 0.27549168, 0.79459995, -0.8849, 0.1653, 1.2007335, -2.0E-4, 3.1748998, 9.278399, 9.806563, 5.0, 18.23529, -12.8125, 35.9375, -28.875, 47.847984
186732332, -0.18921115, 0.18428932, -0.14081316, 0.29931882, 0.8767, -0.9507, 0.3065, 1.3290507, 0.0058, 3.1288, 9.2941, 9.806616, 5.0, 18.529408, -12.625, 36.25, -29.0, 48.108765
186732352, -0.13651966, 0.2943498, -0.20547761, 0.38405788, 1.028, -1.0446, 0.29479998, 1.4949516, 0.031, 3.0937, 9.3057995, 9.8066225, 5.0, 18.823524, -12.5, 36.375, -29.0, 48.170433
186732372, -0.09698795, 0.33969343, -0.29942867, 0.46309376, 1.2117, -1.1482999, 0.24749999, 1.6876214, 0.0729, 3.0684998, 9.3139, 9.806617, 5.0, 19.117641, -12.0625, 36.6875, -29.25, 48.44625
186732392, -0.07658505, 0.33592352, -0.41261327, 0.5375496, 1.4219999, -1.1265, 0.39909998, 1.8575163, 0.117599994, 3.0509999, 9.3192, 9.806626, 5.0, 19.411758, -11.5, 37.0, -29.625, 48.773872
186732412, -0.06979571, 0.26562166, -0.5383119, 0.6043228, 1.4632, -1.0807999, 0.70919997, 1.9524465, 0.1548, 3.0379, 9.3229, 9.806593, 5.0, 19.705875, -11.25, 37.375, -30.0, 49.22858
186732432, -0.06721263, 0.18243927, -0.63861597, 0.6675567, 1.2797999, -1.2882, 0.9608, 2.0543816, 0.1714, 3.0267, 9.3263, 9.806639, 5.0, 20.0, -10.8125, 37.5, -30.5625, 49.57042
186732452, -0.06928957, 0.17688912, -0.7297571, 0.7540797, 1.1082, -1.3278999, 1.3791, 2.21209, 0.16659999, 3.0163, 9.3296995, 9.806585, 5.0, 19.647058, -10.0, 37.8125, -31.0, 49.90777
186732472, -0.13735741, 0.25591764, -0.8581609, 0.9059807, 1.0310999, -1.0737, 2.6404998, 3.0312107, 0.1554, 3.0058, 9.3333, 9.806603, 5.0, 19.294117, -9.4375, 38.1875, -31.5, 50.39446
186732492, -0.2613456, 0.26289895, -0.9643817, 1.0331744, 0.8781, -0.4887, 4.0845, 4.206308, 0.1515, 2.9828, 9.3407, 9.806565, 5.0, 18.941175, -8.9375, 38.3125, -32.125, 50.791164
186732512, -0.2897072, 0.16931438, -1.0360624, 1.0890467, 0.583, 0.16669999, 4.8038, 4.8419185, 0.1426, 2.9322, 9.3569, 9.806616, 5.0, 18.588234, -8.125, 38.25, -32.875, 51.086628
186732532, -0.08583529, 0.02953097, -1.0142108, 1.0182649, 0.15789999, 0.797, 4.3673997, 4.4423327, 0.1166, 2.8858, 9.3716, 9.806545, 5.0, 18.235292, -7.3125, 38.4375, -33.3125, 51.387127
186732552, 0.29185396, -0.10192723, -0.8889834, 0.94120103, -0.1072, 1.1048, 2.5576, 2.7880805, 0.058199998, 2.87, 9.377, 9.806549, 5.0, 17.88235, -6.625, 38.6875, -33.5, 51.60294
186732572, 0.6909584, -0.2467721, -0.7434055, 1.0444959, -0.2102, 1.0957, 0.327, 1.1626141, -0.0055, 2.9197, 9.361899, 9.8066225, 5.0, 17.52941, -5.75, 39.25, -33.375, 51.841255
186732592, 0.9907536, -0.32696998, -0.6413561, 1.2246795, -0.188, 0.9396, -1.7202, 1.969081, -0.0962, 3.0481, 9.3204, 9.806632, 5.0, 17.176468, -5.0, 39.9375, -32.875, 51.96893
186732612, 1.0410889, -0.33569664, -0.60084707, 1.2480286, -0.175, 0.80799997, -3.1575, 3.2639387, -0.19749999, 3.2303, 9.2572, 9.80661, 5.0, 16.823526, -3.75, 40.75, -32.1875, 52.064
186732632, 0.8378802, -0.30361748, -0.5418549, 1.0429926, -0.42589998, 0.66359997, -3.4101999, 3.500174, -0.2997, 3.4192998, 9.186299, 9.806606, 5.0, 16.470585, -3.0, 41.5, -31.75, 52.338444
186732652, 0.44987607, -0.2014808, -0.4613778, 0.67516845, -0.47919998, 0.71529996, -2.4963, 2.640606, -0.39339998, 3.569, 9.1256, 9.806584, 5.0, 16.117643, -2.3125, 41.75, -31.1875, 52.16388
186732672, 0.013421582, 0.036494836, -0.42779765, 0.42956123, -0.3109, 1.1266999, -1.0498999, 1.5711147, -0.4637, 3.6469998, 9.0914, 9.806589, 5.0, 15.764702, -1.75, 41.75, -31.4375, 52.291885
186732692, -0.24682446, 0.15280357, -0.41928044, 0.509968, -0.2541, 1.527, 0.0981, 1.5511026, -0.49109998, 3.6452, 9.0907, 9.806604, 5.0, 15.41176, -1.3125, 41.875, -31.625, 52.491703
186732712, -0.27557003, 0.19387117, -0.38728857, 0.5133394, -0.45749998, 1.5906999, 0.6494, 1.7780193, -0.49359998, 3.6011, 9.1081, 9.8065815, 5.0, 15.058819, -0.8125, 42.0, -31.75, 52.65665
186732732, -0.10194468, 0.14247122, -0.32791245, 0.37177593, -0.5826, 1.3600999, 0.3532, 1.5211985, -0.4863, 3.547, 9.1297, 9.806585, 5.0, 14.705877, -0.625, 42.1875, -31.8125, 52.841373
186732752, 0.1229759, -0.0371057, -0.2825688, 0.31039497, -0.48709998, 1.0343, -0.5575, 1.2719469, -0.48369998, 3.5252, 9.1383, 9.806606, 5.0, 14.352936, -0.5625, 42.375, -31.6875, 52.915543
186732772, 0.20573941, -0.12623966, -0.24933773, 0.3470367, -0.4012, 0.60289997, -1.4702, 1.6388831, -0.5108, 3.5449, 9.1292, 9.806606, 5.0, 14.0, -0.125, 42.6875, -31.375, 52.977627
186732792, 0.11458086, -0.10880382, -0.17395696, 0.23500653, -0.3462, 0.22929999, -2.1685, 2.2079005, -0.556, 3.5832, 9.1116, 9.806616, 5.0, 13.705882, -0.3125, 43.0, -31.25, 53.15694
186732812, -0.09147271, -0.05810201, -0.07798131, 0.13350725, -0.3462, 0.0208, -2.513, 2.5368202, -0.58529997, 3.6002, 9.103, 9.80656, 5.0, 13.411764, -0.25, 43.125, -31.25, 53.257774
186732832, -0.3180688, -0.029216811, 0.023823744, 0.3202951, -0.41799998, -0.1046, -2.4208, 2.458849, -0.60179996, 3.5825999, 9.1089, 9.806592, 5.0, 13.117646, -0.375, 43.25, -31.6875, 53.61717
186732852, -0.45952773, -0.050440013, 0.13992305, 0.48299935, -0.4043, -0.2016, -1.9820999, 2.0329342, -0.60569996, 3.5249, 9.1311, 9.806568, 5.0, 12.823528, -0.5, 43.1875, -31.875, 53.678913
186732872, -0.48975685, -0.101717785, 0.22602014, 0.548902, -0.2672, -0.29369998, -1.5035, 1.5550458, -0.6055, 3.4424999, 9.162499, 9.806571, 5.0, 12.52941, -0.9375, 43.0625, -32.25, 53.80818
186732892, -0.45368087, -0.14962707, 0.27874655, 0.55309516, -0.3322, -0.49859998, -0.98639995, 1.1540986, -0.6091, 3.3553, 9.1946, 9.806616, 5.0, 12.235292, -1.3125, 42.875, -32.8125, 54.006004
186732912, -0.40526545, -0.18921115, 0.3214373, 0.5507839, -0.40129998, -0.64739996, -0.58309996, 0.959257, -0.6185, 3.2752, 9.222799, 9.806605, 5.0, 11.9411745, -1.5, 42.6875, -33.375, 54.206673
186732932, -0.36510542, -0.18236946, 0.3653323, 0.5477484, -0.4556, -0.7574, -0.1951, 0.9051464, -0.6329, 3.2043998, 9.246699, 9.80664, 5.0, 11.647057, -1.4375, 42.6875, -33.8125, 54.475445
186732952, -0.32093114, -0.16559684, 0.4222824, 0.55564517, -0.4251, -0.9576, -0.14729999, 1.0580194, -0.64379996, 3.1413999, 9.2675, 9.806602, 5.0, 11.352939, -1.625, 42.6875, -34.375, 54.831596
186732972, -0.29485592, -0.17379989, 0.46553168, 0.57781154, -0.2733, -1.2078999, -0.2338, 1.2603085, -0.64849997, 3.0874, 9.285299, 9.806599, 5.0, 11.058821, -1.6875, 42.5625, -34.8125, 55.012035
186732992, -0.2679255, -0.20793852, 0.47413614, 0.5829473, -0.16129999, -1.4527, -0.17109999, 1.471608, -0.6526, 3.0386, 9.3011, 9.806602, 5.0, 10.764703, -2.1875, 42.375, -35.0625, 55.043663
186733012, -0.23947662, -0.21505947, 0.46322784, 0.56407416, -0.0332, -1.5846, 0.1586, 1.5928632, -0.663, 2.995, 9.3145, 9.806605, 5.0, 10.470585, -2.25, 42.125, -35.375, 55.054234
186733032, -0.20687388, -0.23476423, 0.449527, 0.5477094, 0.0481, -1.5935999, 0.6278, 1.7134781, -0.67579997, 2.9564998, 9.3258, 9.806536, 5.0, 10.176467, -2.5625, 42.1875, -36.0, 55.51893
186733052, -0.15379842, -0.2587974, 0.455688, 0.54615164, -0.0678, -1.6326, 1.2644, 2.06608, -0.69699997, 2.9176, 9.3365, 9.806551, 5.0, 9.882349, -2.75, 42.1875, -36.3125, 55.73101
186733072, -0.11756538, -0.27822295, 0.47188467, 0.56027204, -0.1188, -1.8563, 1.7505, 2.554254, -0.7147, 2.8997998, 9.3407, 9.806544, 5.0, 9.588231, -3.0, 42.4375, -36.75, 56.21836
186733092, -0.2024931, -0.18133971, 0.47378707, 0.546225, -0.2703, -1.7636, 2.6794, 3.2190886, -0.73969996, 2.8846998, 9.3435, 9.806612, 5.0, 9.294113, -3.25, 42.3125, -37.125, 56.384182
186733112, -0.41594687, -0.0076270886, 0.5589068, 0.6967401, -0.6261, -1.6079999, 4.1219, 4.468526, -0.7467, 2.8539, 9.3524, 9.806615, 5.0, 9.0, -3.9375, 42.0625, -37.625, 56.572063
186733132, -0.4910833, 0.14596188, 0.7236135, 0.8866139, -0.7148, -1.0697, 5.1479, 5.3062296, -0.7169, 2.7842, 9.3757, 9.806603, 5.0, 8.941176, -4.6875, 41.8125, -38.0, 56.694424
186733152, -0.3083822, 0.17104226, 0.87437505, 0.9428079, -0.70309997, -0.3087, 5.1386, 5.1956573, -0.6501, 2.7017999, 9.4046, 9.806572, 5.0, 8.882353, -5.625, 41.75, -38.25, 56.901367
186733172, 0.011693706, 0.04834562, 0.9746791, 0.97594744, -0.5956, 0.7127, 4.7276998, 4.818073, -0.57129997, 2.6543999, 9.4232, 9.806575, 5.0, 8.823529, -6.625, 42.0625, -38.4375, 57.36363
186733192, 0.33775613, -0.055309486, 1.0438814, 1.0985566, -0.6525, 1.4426, 3.4333, 3.7807937, -0.5046, 2.6684, 9.4230995, 9.80662, 5.0, 8.764706, -7.375, 42.625, -38.5, 57.909683
186733212, 0.6680946, -0.06991789, 1.1174296, 1.3037975, -0.7352, 1.7871, 0.9309, 2.1449523, -0.46109998, 2.7384, 9.4052, 9.806591, 5.0, 8.705882, -8.25, 43.0625, -38.0, 58.02104
186733232, 0.94534016, -0.026720991, 1.12661, 1.470929, -0.53679997, 1.7881, -1.7493, 2.5584188, -0.4143, 2.8667998, 9.3689995, 9.806545, 5.0, 8.6470585, -9.0625, 43.875, -37.375, 58.34411
186733252, 1.0350151, -0.0073827426, 1.070969, 1.489391, -0.37269998, 1.5517, -3.7524998, 4.0777364, -0.3529, 3.0521, 9.3129, 9.806628, 5.0, 8.588235, -10.0625, 44.625, -36.3125, 58.40584
186733272, 0.87020373, -0.011868238, 0.9626014, 1.2976891, -0.1051, 1.2113, -4.9031997, 5.0516987, -0.2871, 3.2510998, 9.2476, 9.80664, 5.0, 8.529411, -11.1875, 45.375, -35.25, 58.53728
186733292, 0.5597969, -0.049549896, 0.8273908, 1.0002016, -0.0751, 0.7752, -4.7215, 4.785304, -0.219, 3.4327998, 9.183499, 9.806566, 5.0, 8.470588, -11.9375, 45.9375, -34.5625, 58.713917
186733312, 0.23385666, -0.0765676, 0.7438942, 0.783537, -0.2386, 0.6993, -3.8212998, 3.8920794, -0.1732, 3.5333998, 9.146299, 9.806615, 5.0, 8.411764, -12.875, 46.25, -34.3125, 59.009964
186733332, -0.043755405, -0.23026128, 0.6542192, 0.6949371, -0.5891, 1.1932, -2.1283, 2.5100648, -0.1365, 3.5762, 9.130199, 9.806548, 5.0, 8.352941, -13.5625, 46.0625, -34.1875, 58.944725
186733352, -0.28314477, -0.2655344, 0.6033603, 0.7174421, -0.8289, 1.3634, 0.4777, 1.6655725, -0.1321, 3.5698998, 9.1328, 9.806614, 5.0, 8.294117, -14.0, 45.8125, -34.4375, 58.997684
186733372, -0.3652974, -0.19137534, 0.6081949, 0.73482496, -1.1268, 1.3622999, 2.9884, 3.4721856, -0.1382, 3.5198, 9.1521, 9.806581, 5.0, 8.235293, -14.875, 45.375, -34.5, 58.910152
186733392, -0.22704989, -0.009546951, 0.61391956, 0.6546297, -1.1632999, 1.2969999, 3.1987998, 3.6424985, -0.1311, 3.4543998, 9.1771, 9.806591, 5.0, 8.17647, -15.6875, 45.3125, -34.3125, 58.963276
186733412, 0.04548328, 0.15669566, 0.6270968, 0.6479758, -0.8896, 1.2174, 1.4475, 2.090145, -0.091, 3.4141, 9.192699, 9.806635, 5.0, 8.117646, -16.5, 45.25, -34.0625, 58.99209
186733432, 0.22909191, 0.21778218, 0.57663935, 0.6575904, -0.3922, 0.9518, -0.64809996, 1.2164611, -0.0196, 3.4231, 9.1897, 9.806559, 5.0, 8.058823, -17.0625, 45.375, -33.625, 58.99712
186733452, 0.21567033, 0.13842206, 0.47085494, 0.53607714, 0.0677, 0.64059997, -2.2503998, 2.34078, 0.059699997, 3.4649, 9.1739, 9.806606, 5.0, 8.0, -17.625, 45.4375, -33.375, 59.068584
186733472, 0.04960226, 0.008953539, 0.32820916, 0.33205694, 0.304, 0.4439, -3.1373, 3.1830983, 0.117599994, 3.5036, 9.1586, 9.806579, 5.0, 8.058824, -18.125, 45.25, -33.25, 59.00543
186733492, -0.20045106, -0.12466887, 0.18469074, 0.29972258, 0.1815, 0.22659999, -3.0554, 3.0691624, 0.14199999, 3.5117998, 9.1551, 9.806567, 5.0, 8.117647, -18.5, 45.1875, -33.3125, 59.109077
186733512, -0.39416516, -0.2165779, 0.08597492, 0.45789066, -0.1317, 0.0717, -2.1577, 2.1629043, 0.1317, 3.4745998, 9.169499, 9.806625, 5.0, 8.176471, -18.75, 45.375, -33.6875, 59.542427
186733532, -0.44289476, -0.25399777, 0.059236474, 0.513984, -0.176, -0.1577, -1.1948, 1.2179459, 0.0976, 3.402, 9.1971, 9.806619, 5.0, 8.235294, -18.6875, 45.25, -34.0, 59.605244
186733552, -0.3264115, -0.20516345, 0.059376102, 0.3900795, -0.1874, -0.5222, -0.6494, 0.8541264, 0.0501, 3.3121, 9.2302, 9.806584, 5.0, 8.294118, -18.5, 45.125, -34.5, 59.739147
186733572, -0.19130553, -0.13243559, 0.026162485, 0.23413984, -0.0977, -0.77269995, -0.42369998, 0.88664097, 0.019299999, 3.2577999, 9.249599, 9.806565, 5.0, 8.3529415, -18.5625, 45.0, -34.8125, 59.84544
186733592, -0.16336282, -0.07855727, 0.03174754, 0.1840287, -0.1409, -0.9195, -0.251, 0.9635009, -0.0061, 3.2187998, 9.2633, 9.806602, 5.0, 8.411765, -18.5625, 45.0, -34.8125, 59.84544
186733612, -0.23424064, 0.0017453292, 0.046286132, 0.23877631, -0.0804, -0.937, 0.0435, 0.94144857, -0.0176, 3.1915, 9.272699, 9.806576, 5.0, 8.470589, -18.875, 44.875, -35.125, 60.03163
186733632, -0.28307495, 0.059411008, 0.04654793, 0.29296383, 0.014599999, -1.0001, 0.3229, 1.0510365, -0.014599999, 3.148, 9.2876, 9.806611, 5.0, 8.529412, -18.875, 45.0625, -35.3125, 60.281567
186733652, -0.24937265, 0.09946632, 0.017854718, 0.2690707, 0.108899996, -1.0820999, 0.5798, 1.232464, -9.999999E-4, 3.0953999, 9.3052, 9.8065405, 5.0, 8.588236, -18.8125, 45.0625, -35.4375, 60.335358
186733672, -0.14231415, 0.08873254, -0.04703662, 0.17418158, 0.1287, -1.0893999, 0.8096, 1.3633811, 0.018299999, 3.0489, 9.3206, 9.806615, 5.0, 8.647059, -18.75, 45.1875, -35.625, 60.519527
186733692, -0.009197885, 0.04766494, -0.108210415, 0.118600346, 0.123799995, -0.99109995, 1.0257, 1.4316654, 0.033, 3.0198, 9.33, 9.806588, 5.0, 8.705883, -18.4375, 45.125, -35.9375, 60.56163
186733712, 0.09803514, 0.011798426, -0.16709782, 0.19409218, 0.1612, -0.7474, 1.035, 1.2867856, 0.0349, 3.0182998, 9.3305, 9.806609, 5.0, 8.764707, -18.1875, 45.375, -35.875, 60.635727
186733732, 0.13686872, -0.08100073, -0.23123868, 0.2806519, 0.041899998, -0.9644, 0.58989996, 1.1312846, 0.0266, 3.0367, 9.3245, 9.806557, 5.0, 8.82353, -17.9375, 45.5625, -35.9375, 60.738777
186733752, 0.08791223, -0.1291369, -0.31000537, 0.34714296, -0.065799996, -1.0073999, 0.5394, 1.144612, -0.0026999998, 3.0621998, 9.316199, 9.806561, 5.0, 8.882354, -17.4375, 45.75, -36.0625, 60.808163
186733772, -0.015201817, -0.17423622, -0.3765897, 0.4152218, -0.2774, -0.85389996, 1.3195, 1.5959874, -0.046099998, 3.0784, 9.3108, 9.806613, 5.0, 8.941177, -17.125, 46.1875, -36.125, 61.086548
186733792, -0.15086626, -0.12524483, -0.41015238, 0.45461178, -0.5689, -0.6027, 3.1134, 3.2218246, -0.107599996, 3.0746999, 9.3115, 9.806599, 5.0, 9.0, -16.6875, 46.375, -36.1875, 61.14449
186733812, -0.17469001, -0.14503686, -0.3973242, 0.457623, -0.7506, -0.20729999, 4.7823, 4.845283, -0.1515, 3.0484, 9.3195, 9.806568, 5.0, 9.117647, -16.4375, 46.4375, -36.4375, 61.27254
186733832, 0.01701696, -0.13487904, -0.3606374, 0.38541052, -0.7384, 0.46469998, 5.1253, 5.199027, -0.20289999, 3.0144, 9.329599, 9.80659, 5.0, 9.235294, -16.0, 46.5625, -36.625, 61.36332
186733852, 0.25825638, -0.020559978, -0.29775316, 0.3946847, -0.603, 0.7604, 3.7442, 3.867926, -0.2501, 3.0159, 9.328, 9.80662, 5.0, 9.3529415, -15.625, 46.875, -36.1875, 61.24493
186733872, 0.52094585, -0.058171824, -0.16484635, 0.54949325, -0.57089996, 0.8462, 1.3083999, 1.6594853, -0.2723, 3.0625, 9.3122, 9.806636, 5.0, 9.470589, -15.5625, 47.375, -35.5625, 61.24764
186733892, 0.75166094, -0.19306833, -0.027174776, 0.7765359, -0.5103, 0.83419997, -1.2379999, 1.5776373, -0.29369998, 3.1583998, 9.2794, 9.80658, 5.0, 9.588236, -15.375, 48.0, -34.9375, 61.327152
186733912, 0.86297804, -0.35555848, 0.06810275, 0.93583703, -0.4824, 0.8653, -3.2182, 3.367234, -0.3315, 3.2972999, 9.2297, 9.806602, 5.0, 9.705883, -15.1875, 48.875, -34.1875, 61.548443
186733932, 0.7573158, -0.496424, 0.11826351, 0.9132088, -0.7351, 0.7107, -4.2360997, 4.3577523, -0.3926, 3.4566, 9.168799, 9.806584, 5.0, 9.82353, -14.875, 49.4375, -33.4375, 61.509335
186733952, 0.48651052, -0.60850906, 0.19542451, 0.8032226, -1.1329, 0.4285, -4.1096997, 4.284473, -0.47529998, 3.596, 9.1111, 9.806593, 5.0, 9.941177, -14.375, 49.75, -33.1875, 61.50702
186733972, 0.14280283, -0.56182146, 0.28487265, 0.64590126, -1.35, 0.46989998, -3.0284, 3.3488076, -0.57199997, 3.6864998, 9.0693, 9.806613, 5.0, 10.058825, -14.0, 49.9375, -33.0625, 61.505146
186733992, -0.20975366, -0.3264115, 0.3263242, 0.5069798, -1.2592, 0.87189996, -1.3144, 2.018277, -0.653, 3.7159, 9.0518, 9.8066, 5.0, 10.176472, -13.75, 49.75, -33.4375, 61.499523
186734012, -0.51284754, 0.015289084, 0.34407422, 0.6177649, -1.1455, 1.2698, 0.9201, 1.9419439, -0.6882, 3.6822, 9.0629, 9.806547, 5.0, 10.294119, -14.0, 49.75, -33.6875, 61.69206
186734032, -0.5495169, 0.047647487, 0.45645595, 0.7159547, -1.5359, 1.446, 2.5988, 3.3471878, -0.66069996, 3.5937, 9.1004, 9.806553, 5.0, 10.411766, -14.375, 49.375, -34.375, 61.856056
186734052, -0.22853342, -0.29820696, 0.611127, 0.71737796, -1.5063, 1.5386, 2.8063998, 3.537246, -0.6119, 3.4803, 9.1477995, 9.806587, 5.0, 10.529413, -14.5, 49.1875, -34.5625, 61.840332
186734072, 0.20317377, -0.5661324, 0.7546978, 0.96506697, -1.2804999, 1.2856, 1.4629999, 2.33084, -0.62189996, 3.4527998, 9.157499, 9.806548, 5.0, 10.64706, -14.8125, 49.1875, -34.625, 61.94926
186734092, 0.42854816, -0.5508084, 0.8820545, 1.1247505, -1.0083, 0.7783, -0.1608, 1.2838521, -0.67829996, 3.5045, 9.1339, 9.806617, 5.0, 10.764708, -15.0, 49.3125, -34.3125, 61.91987
186734112, 0.3628365, -0.42046726, 1.0212619, 1.1625055, -0.81329995, 0.4666, -1.6035, 1.857521, -0.71639997, 3.5949, 9.095699, 9.806542, 5.0, 10.882355, -15.8125, 49.375, -34.125, 62.06804
186734132, 0.09546951, -0.35870007, 1.1690913, 1.2266029, -0.7032, 0.40179998, -2.3293998, 2.4661787, -0.7186, 3.6674, 9.0666, 9.806602, 5.0, 11.0, -16.5625, 49.1875, -34.25, 62.18351
186734152, -0.19964822, -0.39943606, 1.3380567, 1.4106042, -0.7143, 0.4847, -2.0525, 2.2266376, -0.6978, 3.7012, 9.0543995, 9.806526, 5.0, 10.823529, -17.4375, 48.5625, -34.75, 62.208885
186734172, -0.3631332, -0.510055, 1.4887484, 1.6150522, -0.8581, 0.4962, -1.1496999, 1.5180118, -0.6716, 3.6834, 9.0637, 9.806586, 5.0, 10.6470585, -18.375, 47.75, -35.125, 62.060204
186734192, -0.3487168, -0.5849122, 1.6066629, 1.745019, -0.9837, 0.4552, -0.4262, 1.164697, -0.65389997, 3.6325998, 9.0855, 9.806614, 5.0, 10.470588, -19.375, 46.6875, -35.75, 61.912647
186734212, -0.24089034, -0.57297415, 1.7099514, 1.8194124, -1.1294999, 0.3875, 0.1757, 1.2069783, -0.6454, 3.5942998, 9.1013, 9.806589, 5.0, 10.294117, -20.375, 45.8125, -36.25, 61.87074
186734232, -0.12044517, -0.55335665, 1.8040596, 1.8908575, -1.1867, 0.3065, 0.5678, 1.3507761, -0.6275, 3.5721998, 9.1112995, 9.806638, 5.0, 10.117646, -21.5, 44.9375, -36.8125, 61.94182
186734252, -0.0394968, -0.5127428, 1.8888477, 1.9576033, -0.9693, 0.3067, 1.0073, 1.4311745, -0.5997, 3.5723, 9.1131, 9.806608, 5.0, 9.941175, -22.625, 44.0625, -37.125, 61.900406
186734272, 0.013665928, -0.44135886, 1.945344, 1.9948303, -0.7558, 0.2626, 1.2947999, 1.5220708, -0.5582, 3.587, 9.1098995, 9.80655, 5.0, 9.764705, -23.8125, 43.25, -37.375, 61.923244
186734292, 0.025778513, -0.4348488, 1.9635303, 2.0112705, -0.6191, 0.13849999, 0.9867, 1.173049, -0.49879998, 3.6100998, 9.1043, 9.806625, 5.0, 9.588234, -25.125, 42.375, -37.6875, 62.026237
186734312, -0.0017278759, -0.5500754, 1.990199, 2.064819, -0.54109997, 0.104899995, 0.58129996, 0.80106354, -0.4296, 3.6353, 9.097799, 9.806626, 5.0, 9.411763, -26.5625, 41.3125, -37.8125, 61.984467
186734332, 0.0027750735, -0.7096334, 2.0418782, 2.1616786, -0.5911, 0.089899994, 0.5362, 0.8031137, -0.38939998, 3.6497, 9.0938, 9.806586, 5.0, 9.235292, -27.75, 40.375, -38.5625, 62.347973
186734352, 0.05318018, -0.8506211, 2.116299, 2.28147, -0.72889996, 0.2235, 0.6889, 1.0275362, -0.36929998, 3.6657, 9.0882, 9.806585, 5.0, 9.058822, -28.75, 39.375, -39.1875, 62.550884
186734372, 0.12198106, -0.9970717, 2.202012, 2.4203074, -1.1711, 0.5136, 0.9835, 1.6132367, -0.36839998, 3.691, 9.078, 9.806594, 5.0, 8.882351, -29.9375, 38.4375, -39.875, 62.958008
186734392, 0.18950784, -1.1134503, 2.3328419, 2.591879, -1.6143, 0.876, 1.3040999, 2.252558, -0.3861, 3.7296999, 9.061399, 9.806563, 5.0, 8.70588, -31.0625, 37.1875, -40.6875, 63.271336
186734412, 0.26069984, -1.1373264, 2.4891188, 2.749034, -1.6564, 1.1643, 1.0429, 2.2774756, -0.4127, 3.7826, 9.0383, 9.806592, 5.0, 8.529409, -31.9375, 36.0625, -41.5625, 63.623497
186734432, 0.28801423, -0.9798977, 2.585199, 2.7796414, -1.435, 1.3989999, 0.6114, 2.095289, -0.42819998, 3.8506, 9.0088, 9.806577, 5.0, 8.352939, -33.0625, 34.625, -42.375, 63.93481
186734452, 0.20980603, -0.7545058, 2.5766819, 2.6930628, -1.3641, 1.6757, 0.79209995, 2.3013391, -0.401, 3.9311998, 8.9752, 9.806597, 5.0, 8.176468, -34.375, 33.125, -42.75, 64.08173
186734472, 0.026406832, -0.7046592, 2.581307, 2.67589, -1.6315999, 2.0895, 2.0183, 3.3319159, -0.3394, 3.9822, 8.9552, 9.806565, 5.0, 8.0, -35.625, 31.5, -43.3125, 64.32234
186734492, -0.11321951, -0.79799944, 2.6563387, 2.7759244, -1.837, 2.7489, 3.0059, 4.468384, -0.25169998, 4.0042, 8.948299, 9.8065815, 5.0, 7.7647057, -36.5, 29.75, -44.0625, 64.488884
186734512, -0.09711012, -0.91910785, 2.73535, 2.8872702, -2.0368, 3.1825, 2.4321, 4.4935474, -0.1892, 3.9965, 8.9532995, 9.806599, 5.0, 7.5294113, -37.5625, 27.8125, -44.6875, 64.66412
186734532, -0.012566371, -1.0226408, 2.8059134, 2.9864867, -2.3158998, 3.1838, 1.1230999, 4.09406, -0.1357, 3.9878998, 8.958099, 9.806595, 5.0, 7.294117, -38.3125, 25.6875, -45.625, 64.879395
186734552, 0.03010693, -1.0455046, 2.8337166, 3.0205853, -2.2329, 3.1783998, -0.0424, 3.8845675, -0.0911, 3.9924, 8.956699, 9.806631, 5.0, 7.0588226, -38.6875, 23.75, -46.4375, 64.94018
186734572, -0.031363565, -0.99586743, 2.7807982, 2.9539082, -2.017, 3.1878, -0.75439996, 3.8470087, -0.0521, 4.0018, 8.9528, 9.806618, 5.0, 6.8235283, -39.125, 21.8125, -47.3125, 65.15385
186734592, -0.1755103, -0.8932246, 2.6621683, 2.813502, -2.0217, 3.1838999, -1.1976, 3.9571118, -0.0082, 3.9977999, 8.9546995, 9.806585, 5.0, 6.588234, -39.5, 19.5, -48.0, 65.149826
186734612, -0.3349287, -0.80075705, 2.5612357, 2.7043145, -2.1125, 3.1513999, -1.4375, 4.05714, 0.0433, 3.9654, 8.969, 9.806591, 5.0, 6.3529396, -40.0, 17.375, -48.75, 65.40989
186734632, -0.43950883, -0.8016995, 2.4980547, 2.6601067, -2.2231998, 3.0058, -1.374, 3.9831302, 0.0951, 3.908, 8.9938, 9.806628, 5.0, 6.1176453, -40.25, 15.0625, -49.8125, 65.78926
186734652, -0.44943973, -0.8898561, 2.4238086, 2.6208181, -2.1833, 2.5969, -0.8804, 3.5051095, 0.1435, 3.8226998, 9.029699, 9.806584, 5.0, 5.882351, -40.1875, 12.9375, -50.875, 66.111115
186734672, -0.36798522, -1.0264456, 2.3116014, 2.5558765, -2.1365, 1.9685999, -0.0050999997, 2.9051752, 0.1653, 3.7338, 9.0664, 9.806538, 5.0, 5.6470566, -39.9375, 10.6875, -52.125, 66.53001
186734692, -0.27190486, -1.1499102, 2.1134367, 2.4213302, -1.2656, 1.6321, 0.7066, 2.182837, 0.1477, 3.6522, 9.0999, 9.806558, 5.0, 5.411762, -39.3125, 8.75, -52.9375, 66.516266
186734712, -0.2987131, -1.3152453, 1.8056303, 2.2537525, -1.0481, 1.1513, 1.2649, 2.0059853, 0.0968, 3.6028998, 9.1202, 9.806544, 5.0, 5.176468, -38.5, 6.875, -54.125, 66.77598
186734732, -0.40310124, -1.471871, 1.5963655, 2.208456, -1.8095, 0.9677, 1.4973999, 2.5402637, -0.0145, 3.5468, 9.1427, 9.806578, 5.0, 4.9411736, -37.4375, 5.25, -55.4375, 67.100266
186734752, -0.6787411, -1.0692585, 1.6969488, 2.1174603, -3.2912998, 0.7266, 1.6667999, 3.7601628, -0.1802, 3.4724998, 9.1694, 9.8065605, 5.0, 4.705879, -36.5, 3.1875, -56.5, 67.33988
186734772, -0.9215862, -0.9970542, 1.916546, 2.3487415, -3.2143998, 0.9485, 1.9998, 3.9027193, -0.257, 3.3609998, 9.2091, 9.806624, 5.0, 4.470585, -35.625, 1.125, -57.4375, 67.59788
186734792, -0.98239344, -0.56506777, 2.011806, 2.3090608, -2.9104998, 0.25959998, 1.8862, 3.4779522, -0.31579998, 3.2015998, 9.2639, 9.806621, 5.0, 4.2352905, -34.9375, -1.3125, -58.125, 67.82969
186734812, -0.8893674, -0.2586927, 2.0428903, 2.2430553, -1.8616999, 0.6482, 1.5931, 2.5345724, -0.29569998, 3.0312998, 9.3217, 9.806646, 5.0, 4.0, -34.5, -3.75, -58.25, 67.80395
186734832, -0.76262164, -0.23628268, 1.9766377, 2.1317875, -1.1294999, 1.0711, 0.9044, 1.8002679, -0.22369999, 2.8755, 9.3729, 9.80662, 5.0, 4.117647, -34.0625, -6.0, -58.5, 67.95957
186734852, -0.6019466, -0.40512583, 1.8301697, 1.9687529, -0.81329995, 1.357, 0.99979997, 1.8714982, -0.1574, 2.7396998, 9.4148, 9.806589, 5.0, 4.2352943, -33.375, -7.9375, -58.6875, 67.9788
186734872, -0.36596063, -0.4570319, 1.6837016, 1.7825983, -1.1212, 1.2182, 1.7500999, 2.409139, -0.134, 2.6206, 9.448999, 9.806584, 5.0, 4.3529415, -32.5, -9.5625, -59.375, 68.35995
186734892, -0.07119198, -0.49792498, 1.6323541, 1.7080919, -1.2981, 0.7971, 1.6948999, 2.2788413, -0.1335, 2.5623, 9.465, 9.806602, 5.0, 4.4705887, -31.4375, -10.625, -59.75, 68.34669
186734912, 0.21814871, -0.5165651, 1.5960512, 1.6916878, -0.89479995, 0.7195, 1.5063, 1.8940134, -0.14459999, 2.5533, 9.467299, 9.806631, 5.0, 4.588236, -30.125, -11.1875, -60.0625, 68.118866
186734932, 0.45753807, -0.5346467, 1.5033219, 1.659869, -0.60429996, 0.746, 0.8228, 1.2643948, -0.16049999, 2.5994, 9.4544, 9.806545, 5.0, 4.705883, -29.1875, -11.5625, -60.625, 68.27146
186734952, 0.5843537, -0.5786988, 1.4033843, 1.6266066, -0.47469997, 0.6217, 0.182, 0.8031033, -0.1823, 2.6908998, 9.4284, 9.806575, 5.0, 4.82353, -28.0, -12.0625, -61.125, 68.306435
186734972, 0.62090087, -0.6481978, 1.3331, 1.6071197, -0.45229998, 0.5117, -0.2444, 0.7253575, -0.2144, 2.8065, 9.394, 9.806612, 5.0, 4.9411774, -26.875, -12.0, -61.4375, 68.12365
186734992, 0.55072117, -0.8027293, 1.2265825, 1.5659416, -0.1378, 0.5585, -0.4861, 0.75312966, -0.2642, 2.9415, 9.3513, 9.8065815, 5.0, 5.0588245, -25.5, -12.125, -62.0, 68.12683
186735012, 0.44401175, -0.9719913, 1.1075162, 1.538995, -0.4473, 0.9867, -0.6561, 1.2665391, -0.3371, 3.0461, 9.3154, 9.8065815, 5.0, 5.1764717, -24.0, -12.25, -62.3125, 67.888954
186735032, 0.40917498, -1.1139913, 1.0541964, 1.587366, -1.0462999, 0.6713, -0.19129999, 1.257769, -0.44419998, 3.1327999, 9.2821, 9.806585, 5.0, 5.294119, -22.375, -12.4375, -62.875, 67.88665
186735052, 0.47356018, -0.9584301, 1.0690142, 1.511833, -1.2614, 0.0989, -0.0871, 1.2682656, -0.6116, 3.237, 9.2367, 9.806572, 5.0, 5.411766, -20.75, -12.5625, -63.375, 67.85845
186735072, 0.48649308, -0.80173445, 1.0763445, 1.4275752, -1.4110999, -0.025899999, -1.0720999, 1.7723634, -0.6972, 3.3181, 9.201799, 9.806579, 5.0, 5.529413, -19.4375, -12.6875, -63.8125, 67.90305
186735092, 0.24605651, -0.6250373, 1.0513864, 1.2476493, -1.3361, 0.1282, -1.6257, 2.108198, -0.7722, 3.4232, 9.1572, 9.806574, 5.0, 5.6470604, -18.1875, -12.9375, -64.125, 67.89831
186735112, -0.19266689, -0.31576496, 1.0626088, 1.1251514, -1.1840999, 0.52639997, -0.33229998, 1.3377641, -0.8163, 3.488, 9.1289, 9.806595, 5.0, 5.7647076, -17.25, -13.375, -64.0, 67.61992
186735132, -0.50836205, -0.110776044, 1.1140437, 1.2295514, -0.5912, 1.3133999, 1.6014, 2.1538382, -0.8012, 3.4708, 9.1368, 9.806604, 5.0, 5.8823547, -16.3125, -14.3125, -63.75, 67.34247
186735152, -0.46434486, -0.093793996, 1.1242713, 1.2199998, -0.2058, 1.5906, 2.0194, 2.578825, -0.74539995, 3.395, 9.1699, 9.806564, 5.0, 6.0, -15.375, -15.3125, -63.5625, 67.16438
186735172, -0.1229759, -0.28651324, 1.1344465, 1.1765126, -0.27359998, 1.3154, 0.93039995, 1.6342516, -0.6874, 3.3258, 9.1998, 9.806619, 5.0, 6.0588236, -14.5, -15.8125, -63.5625, 67.085594
186735192, 0.25857052, -0.55433404, 1.1499625, 1.3025202, 0.0473, 1.2787, -0.2898, 1.3119813, -0.6651, 3.3184998, 9.2039995, 9.806549, 5.0, 6.117647, -13.125, -15.625, -63.625, 66.81727
186735212, 0.46300095, -0.7798306, 1.1349702, 1.4528121, 0.3667, 0.94949996, -1.5103999, 1.8213531, -0.6903, 3.3816, 9.1792, 9.8066025, 5.0, 6.1764708, -11.5, -15.125, -63.6875, 66.461365
186735232, 0.3845135, -0.8777959, 1.1435921, 1.4920386, 0.4222, 0.4525, -2.3009, 2.382677, -0.7556, 3.4828, 9.1361, 9.806587, 5.0, 6.2352943, -9.75, -14.6875, -63.6875, 66.0824
186735252, 0.07052875, -0.82979935, 1.1637157, 1.4310051, 0.54109997, 0.3055, -2.3871999, 2.4667473, -0.83529997, 3.5711, 9.094999, 9.806604, 5.0, 6.294118, -8.25, -14.5, -63.625, 65.77578
186735272, -0.35447636, -0.5555383, 1.1686027, 1.3416067, 1.0697, 0.6229, -1.0928, 1.6512039, -0.903, 3.6041, 9.0755, 9.806612, 5.0, 6.3529415, -7.0, -14.875, -63.375, 65.472565
186735292, -0.76361644, -0.0659909, 1.1894244, 1.4149895, 1.3226, 0.9917, 0.8531, 1.8602471, -0.9205, 3.5609999, 9.0907, 9.806573, 5.0, 6.411765, -6.0625, -15.875, -63.0, 65.25159
186735312, -0.9903696, 0.20833996, 1.2641245, 1.6193358, 1.4576, 1.0009999, 1.9383999, 2.6237364, -0.8495, 3.4427998, 9.143, 9.806578, 5.0, 6.4705887, -5.8125, -17.0, -62.5625, 65.0911
186735332, -0.9467364, 0.1216669, 1.3266422, 1.6343476, 1.8152, 0.84889996, 1.9274, 2.7803693, -0.7266, 3.2809, 9.2129, 9.80662, 5.0, 6.5294123, -5.375, -18.25, -62.0, 64.85332
186735352, -0.65715134, -0.19011872, 1.2992929, 1.4683852, 2.3644, 0.764, 1.3197, 2.8134837, -0.60899997, 3.1078, 9.281199, 9.806628, 5.0, 6.588236, -4.625, -19.0, -61.5, 64.53403
186735372, -0.29890507, -0.4741885, 1.1989888, 1.3235457, 2.5505, 0.4716, 0.3441, 2.6164596, -0.56949997, 3.0115, 9.3153, 9.806542, 5.0, 6.6470594, -3.375, -19.375, -61.375, 64.44899
186735392, -0.0596379, -0.59325486, 1.1096106, 1.2596601, 2.382, 0.1236, -0.5416, 2.4459214, -0.58739996, 2.9675999, 9.3282995, 9.806572, 5.0, 6.705883, -2.125, -19.4375, -61.1875, 64.23583
186735412, 0.020612339, -0.5790653, 1.0929252, 1.2370235, 2.062, -0.0309, -1.0577999, 2.3177013, -0.6303, 2.9698, 9.3248, 9.806573, 5.0, 6.7647066, -0.75, -19.1875, -61.0625, 64.01056
186735432, -0.020437805, -0.533041, 1.1063293, 1.2282162, 1.811, -0.1599, -1.1667, 2.1602032, -0.6734, 2.9879, 9.316, 9.806573, 5.0, 6.82353, 0.4375, -18.875, -61.0, 63.85497
186735452, -0.12124802, -0.45141196, 1.1090695, 1.2035402, 1.6089, -0.276, -1.0231999, 1.9265703, -0.70669997, 2.9994, 9.309899, 9.806633, 5.0, 6.882354, 1.875, -18.875, -60.8125, 63.701973
186735472, -0.22513002, -0.34847245, 1.0797305, 1.1566912, 1.568, -0.3121, -0.6612, 1.7300912, -0.72459996, 2.9926, 9.310599, 9.806526, 5.0, 6.9411774, 2.5625, -18.9375, -60.5625, 63.505997
186735492, -0.27361527, -0.2855184, 0.9826378, 1.0592276, 1.6573, -0.3214, -0.25849998, 1.7078534, -0.7256, 2.9636998, 9.319799, 9.806562, 5.0, 7.0, 3.5, -19.0, -60.25, 63.271736
186735512, -0.29855603, -0.22474605, 0.8365189, 0.91619337, 1.5847, -0.42319998, 0.1523, 1.647291, -0.72169995, 2.9306, 9.3306, 9.806598, 5.0, 6.9411764, 4.3125, -19.125, -60.25, 63.359497
186735532, -0.30073768, -0.16648696, 0.7269122, 0.80409104, 1.3625, -0.6435, 0.51089996, 1.5910742, -0.71529996, 2.8867998, 9.3447, 9.806563, 5.0, 6.882353, 5.0625, -19.375, -60.0625, 63.3129
186735552, -0.27111945, -0.091245815, 0.6648832, 0.7238102, 1.2630999, -0.80189997, 0.79859996, 1.6959442, -0.70409995, 2.8363, 9.361, 9.806563, 5.0, 6.8235292, 5.6875, -19.4375, -59.9375, 63.266644
186735572, -0.20025907, -0.051330134, 0.6368008, 0.6695176, 1.245, -0.92759997, 0.7467, 1.7227964, -0.686, 2.7989, 9.3736, 9.80657, 5.0, 6.7647057, 6.5, -19.0625, -59.8125, 63.112312
186735592, -0.11992157, -0.09538224, 0.64083254, 0.65889704, 1.1776999, -1.087, 0.3626, 1.6431752, -0.6579, 2.7668998, 9.385099, 9.806562, 5.0, 6.705882, 7.0, -18.9375, -59.75, 63.068943
186735612, -0.03960152, -0.21439624, 0.6515314, 0.68704236, 1.0739, -1.1977999, 0.044, 1.6093234, -0.64239997, 2.7542, 9.3899, 9.806555, 5.0, 6.6470585, 7.875, -18.625, -59.375, 62.723972
186735632, 0.032148965, -0.33609805, 0.6641676, 0.7450597, 0.83339995, -1.2067, -0.17109999, 1.4764673, -0.6471, 2.7551, 9.389299, 9.806541, 5.0, 6.588235, 8.4375, -18.375, -59.5, 62.84172
186735652, 0.088121675, -0.40156534, 0.68373275, 0.79781616, 0.4482, -1.1919, -0.1452, 1.2816365, -0.6737, 2.7698998, 9.3831, 9.806568, 5.0, 6.5294113, 9.625, -18.0, -59.375, 62.7856
186735672, 0.1359437, -0.406365, 0.718011, 0.8361537, 0.1326, -1.1855, -0.017099999, 1.1930153, -0.7112, 2.7958999, 9.3726, 9.806553, 5.0, 6.4705877, 10.5625, -17.8125, -59.25, 62.76475
186735692, 0.1966637, -0.44224897, 0.74851936, 0.89137083, -0.0078, -1.1985999, 0.0356, 1.1991539, -0.74719995, 2.8319, 9.359, 9.806572, 5.0, 6.411764, 11.3125, -17.3125, -58.6875, 62.22474
186735712, 0.27288222, -0.51321405, 0.7467391, 0.9462942, -0.0166, -1.2092, 0.2694, 1.2389579, -0.7874, 2.8801, 9.341, 9.806592, 5.0, 6.3529406, 12.4375, -16.5625, -58.6875, 62.235283
186735732, 0.31949997, -0.49286354, 0.727174, 0.9347602, -0.2191, -1.2049, 0.6173, 1.3714402, -0.83989996, 2.9431999, 9.3167, 9.806567, 5.0, 6.294117, 13.3125, -15.9375, -58.8125, 62.37096
186735752, 0.34698892, -0.45907396, 0.7451334, 0.9414744, -0.49409997, -1.1133, 0.77239996, 1.4422805, -0.8885, 3.0152, 9.2891, 9.8065405, 5.0, 6.2352934, 14.25, -15.375, -58.5625, 62.201443
186735772, 0.3453134, -0.47036624, 0.77232563, 0.9679735, -0.49929997, -1.106, 0.5794, 1.3447084, -0.9323, 3.1009, 9.256599, 9.8066, 5.0, 6.17647, 15.1875, -14.5625, -58.25, 61.933746
186735792, 0.32784265, -0.5372123, 0.750893, 0.97975415, -0.4252, -1.2511, 0.34219998, 1.3649714, -0.9672, 3.1715999, 9.229, 9.806578, 5.0, 6.117646, 16.3125, -13.9375, -58.3125, 62.134525
186735812, 0.2728997, -0.6808878, 0.719128, 1.0272427, -0.46249998, -1.166, 0.57989997, 1.3819357, -1.0181999, 3.2468998, 9.1973, 9.806601, 5.0, 6.0588226, 17.3125, -13.125, -58.0625, 61.99389
186735832, 0.08559094, -0.6889687, 0.715585, 0.99702835, -0.5805, -0.84569997, 1.8772, 2.1391747, -1.0963, 3.3121998, 9.1649, 9.806525, 5.0, 6.0, 18.375, -12.6875, -57.625, 61.800114
186735852, -0.22537437, -0.33365458, 0.7330034, 0.83630913, -0.9234, -0.3627, 3.1048, 3.259448, -1.1751, 3.3441, 9.1435995, 9.806594, 5.0, 6.117647, 19.0, -12.25, -57.4375, 61.726242
186735872, -0.40612066, -0.13948672, 0.82295763, 0.9282509, -1.2444, 0.3096, 3.4017, 3.6353743, -1.1875, 3.3202, 9.1507, 9.806589, 5.0, 6.2352943, 19.625, -12.0625, -57.4375, 61.88466
186735892, -0.2539803, -0.3281568, 0.9335417, 1.021613, -0.6774, 0.88629997, 3.5133, 3.6861463, -1.1563, 3.2595, 9.176499, 9.806605, 5.0, 6.3529415, 20.1875, -11.75, -57.0625, 61.658142
186735912, 0.09731956, -0.37199947, 0.9488133, 1.0237682, 0.048, 1.1874, 2.7403, 2.9868824, -1.1561999, 3.237, 9.1845, 9.80663, 5.0, 6.4705887, 20.8125, -11.0625, -56.625, 61.33457
186735932, 0.396469, -0.20956168, 0.9309586, 1.0333382, 0.21169999, 1.2860999, 0.4213, 1.3698041, -1.1629, 3.2768, 9.169499, 9.806603, 5.0, 6.588236, 21.1875, -10.0625, -56.6875, 61.348484
186735952, 0.5072276, -0.070912726, 0.92190033, 1.054613, 0.32569999, 1.4095, -1.9402, 2.4201543, -1.1395999, 3.3708, 9.1383, 9.806605, 5.0, 6.705883, 21.4375, -9.0, -56.625, 61.21239
186735972, 0.42470843, -0.058503438, 0.85580474, 0.95718426, 0.5502, 1.4441, -3.4238, 3.7564013, -1.0896, 3.4838998, 9.1019, 9.806599, 5.0, 6.82353, 21.375, -8.0625, -56.5, 60.943783
186735992, 0.21905628, -0.0628144, 0.75372046, 0.7874172, 0.64269996, 1.2645999, -3.6836, 3.947301, -1.035, 3.5886998, 9.0675, 9.806607, 5.0, 6.9411774, 21.5, -7.4375, -56.0625, 60.502647
186736012, -0.029286625, 0.021485003, 0.64997804, 0.65099216, 0.5355, 1.1374999, -2.9915, 3.2449558, -0.9964, 3.6381998, 9.052, 9.806529, 5.0, 7.0588245, 21.375, -7.0, -55.8125, 60.17413
186736032, -0.22518238, 0.056042522, 0.5520651, 0.598852, 0.401, 1.2142, -1.8665999, 2.262582, -0.9403, 3.6462, 9.0548, 9.806546, 5.0, 7.1764717, 21.4375, -7.0625, -55.4375, 59.856174
186736052, -0.32135, 0.008970993, 0.44099236, 0.5457294, 0.30679998, 1.249, -0.3656, 1.3370829, -0.8853, 3.6123998, 9.0739, 9.806572, 5.0, 7.294119, 21.4375, -7.25, -55.0625, 59.53157
186736072, -0.3220656, 0.05721189, 0.33299136, 0.46677905, 0.0547, 1.1299, 1.0081999, 1.5152997, -0.85889995, 3.5718, 9.0925, 9.806581, 5.0, 7.411766, 21.4375, -7.5625, -54.875, 59.397167
186736092, -0.22926645, 0.056129787, 0.27134633, 0.35964218, -0.1358, 0.8513, 1.6121, 1.8281192, -0.8251, 3.5187, 9.1163, 9.806578, 5.0, 7.529413, 21.3125, -7.625, -54.5, 59.01367
186736112, -0.07956956, 0.026686084, 0.2377662, 0.25214326, 0.0999, 0.63729995, 1.3205, 1.4696434, -0.79609996, 3.4812, 9.1332, 9.806521, 5.0, 7.6470604, 21.5, -7.5625, -54.1875, 58.785427
186736132, -0.013020156, -0.016720254, 0.14261085, 0.14417678, 0.4219, 0.5186, 0.1476, 0.6846396, -0.775, 3.4703999, 9.1392, 9.806594, 5.0, 7.7647076, 21.1875, -7.4375, -54.0625, 58.540417
186736152, -0.04022984, -0.003822271, 0.083025314, 0.092337705, 0.4448, 0.29279998, -0.88259995, 1.0308063, -0.76839995, 3.4701998, 9.1398, 9.806562, 5.0, 7.8823547, 21.375, -7.1875, -53.9375, 58.461994
186736172, -0.13128367, -0.030455995, 0.025569074, 0.13717414, 0.4105, 0.0808, -1.6797, 1.7310202, -0.7636, 3.4641, 9.1425, 9.806548, 5.0, 8.0, 21.25, -7.25, -53.875, 58.366432
186736192, -0.2486047, -0.11812388, -0.009093165, 0.27539104, 0.39499998, -0.060399998, -1.8452, 1.8879714, -0.7676, 3.4404, 9.1511, 9.806539, 5.0, 8.058824, 21.5, -7.375, -53.75, 58.358402
186736212, -0.29611257, -0.20573941, -0.08820894, 0.3712037, 0.37829998, -0.1454, -1.3209, 1.3816761, -0.7902, 3.3946998, 9.1663, 9.8066025, 5.0, 8.117647, 21.5, -7.75, -53.5625, 58.234474
186736232, -0.26535985, -0.22125539, -0.13618805, 0.37137175, 0.03, -0.309, -0.7295, 0.7928122, -0.8341, 3.3388999, 9.182899, 9.806611, 5.0, 8.176471, 21.4375, -8.1875, -53.3125, 58.041573
186736252, -0.20643754, -0.19518016, -0.134146, 0.31417656, -0.20439999, -0.5563, -0.61579996, 0.85466874, -0.88409996, 3.2877998, 9.1966, 9.806564, 5.0, 8.235294, 21.5, -8.25, -53.0, 57.786785
186736272, -0.15500268, -0.19545943, -0.10817551, 0.27190468, -0.13, -0.7242, -0.7532, 1.0529368, -0.92899996, 3.2473998, 9.2066, 9.806637, 5.0, 8.294118, 21.625, -8.6875, -52.75, 57.66867
186736292, -0.13791592, -0.19275416, -0.104754664, 0.2591303, -0.13149999, -0.9148, -0.7895, 1.2155087, -0.9766, 3.2136998, 9.2134, 9.806546, 5.0, 8.3529415, 21.5625, -8.75, -52.5, 57.426075
186736312, -0.15004596, -0.1614255, -0.09936159, 0.2417534, -0.2403, -1.1455, -0.6371, 1.3325955, -1.0148, 3.1889, 9.217899, 9.806558, 5.0, 8.411765, 21.8125, -8.8125, -52.3125, 57.358894
186736332, -0.1820553, -0.046146505, -0.08248426, 0.20512748, -0.3119, -1.2341, -0.2216, 1.2920492, -1.0511, 3.1592, 9.2241, 9.806599, 5.0, 8.470589, 21.625, -9.125, -52.0625, 57.108757
186736352, -0.18702948, 0.08288568, -0.07930776, 0.2194078, -0.15079999, -1.24, 0.17, 1.2606509, -1.0651, 3.1238, 9.2345, 9.806557, 5.0, 8.529412, 21.5625, -9.0625, -51.875, 56.904182
186736372, -0.15093607, 0.18666296, -0.10299188, 0.2612127, -0.0335, -1.3057, 0.40179998, 1.366535, -1.055, 3.0876, 9.2479, 9.806628, 5.0, 8.588236, 21.375, -9.25, -51.6875, 56.6926
186736392, -0.08567821, 0.27403414, -0.15833627, 0.32788083, 0.121999994, -1.3094, 0.6325, 1.4592699, -1.0242, 3.0544999, 9.2623, 9.806587, 5.0, 8.647059, 21.3125, -9.25, -51.625, 56.612064
186736412, 0.020245818, 0.3272667, -0.22813198, 0.3994466, 0.2225, -1.1794, 0.92689997, 1.5164545, -0.9874, 3.0372999, 9.2719, 9.806542, 5.0, 8.705883, 21.0, -9.1875, -51.5625, 56.427845
186736432, 0.1725258, 0.29686305, -0.29773572, 0.45446604, 0.1955, -1.0428, 1.216, 1.6137868, -0.94079995, 3.0367, 9.276999, 9.806599, 5.0, 8.764707, 20.8125, -9.25, -51.6875, 56.48292
186736452, 0.32002357, 0.12795009, -0.37203437, 0.5071448, 0.198, -1.1143, 1.0935999, 1.5737946, -0.9041, 3.0632, 9.2719, 9.806565, 5.0, 8.82353, 20.6875, -8.875, -51.875, 56.548687
186736472, 0.3702367, -0.08794714, -0.45806167, 0.5955085, 0.1584, -1.1206, 1.0719, 1.558783, -0.9037, 3.1158, 9.254399, 9.806569, 5.0, 8.882354, 20.75, -8.875, -51.6875, 56.399696
186736492, 0.30037117, -0.14407693, -0.5021487, 0.60260624, 0.0121, -0.99579996, 1.5701, 1.859295, -0.9536, 3.1817, 9.2269, 9.806541, 5.0, 8.941177, 21.0, -8.9375, -51.4375, 56.2734
186736512, 0.15484561, -0.06600835, -0.52551866, 0.5518189, -0.0622, -0.69, 2.1097, 2.220541, -1.0066, 3.2226999, 9.2071, 9.806617, 5.0, 9.0, 21.1875, -8.875, -51.3125, 56.219646
186736532, -0.019460421, 0.0834791, -0.54894096, 0.5555931, -0.0845, -0.0545, 2.6605, 2.6623995, -1.053, 3.2403998, 9.1957, 9.806625, 5.0, 9.117647, 21.3125, -9.1875, -51.3125, 56.31701
186736552, -0.11102039, 0.10784389, -0.5311735, 0.5532641, -0.012999999, 0.566, 3.1376998, 3.1883671, -1.0754, 3.2236, 9.198999, 9.806614, 5.0, 9.235294, 21.25, -9.5625, -51.0, 56.07142
186736572, -0.027227135, 0.01998402, -0.5146627, 0.51576966, 0.2157, 0.96879995, 3.2175, 3.3671064, -1.0885, 3.1949, 9.207399, 9.80655, 5.0, 9.3529415, 21.125, -9.6875, -50.875, 55.93191
186736592, 0.2271197, -0.09698795, -0.5138424, 0.5701088, 0.5098, 1.2171999, 2.2249, 2.5868227, -1.1178, 3.1785, 9.2095995, 9.806582, 5.0, 9.470589, 21.3125, -9.875, -50.6875, 55.865562
186736612, 0.56384605, -0.15936601, -0.50914747, 0.7762416, 0.7471, 1.3550999, 0.45679998, 1.6134188, -1.1687, 3.2085, 9.1928, 9.806523, 5.0, 9.588236, 21.4375, -9.625, -50.125, 55.359936
186736632, 0.80590576, -0.09848893, -0.48288023, 0.9446468, 0.8685, 1.4365, -1.4246, 2.2016606, -1.2314, 3.2998, 9.1523, 9.806611, 5.0, 9.705883, 21.6875, -9.3125, -49.75, 55.064804
186736652, 0.8638682, 0.012915436, -0.4620061, 0.97973704, 0.91929996, 1.4439, -2.78, 3.2647142, -1.2821, 3.4347, 9.0955, 9.806582, 5.0, 9.82353, 21.6875, -8.625, -49.4375, 54.66996
186736672, 0.7119198, 0.12280136, -0.4774697, 0.8659603, 1.0673, 1.2551, -3.416, 3.7925532, -1.3124, 3.5793, 9.0352, 9.8065605, 5.0, 9.941177, 21.6875, -8.125, -49.1875, 54.367023
186736692, 0.36145768, 0.1736428, -0.5655914, 0.69332325, 1.3841, 1.1158999, -3.2398999, 3.6956618, -1.3253, 3.695, 8.9866, 9.80655, 5.0, 10.058825, 21.5625, -8.1875, -48.875, 54.04389
186736712, -0.14220943, 0.31827825, -0.7082372, 0.78938234, 1.4934, 1.1363, -2.3056, 2.972745, -1.3364999, 3.7447999, 8.9643, 9.806551, 5.0, 10.176472, 21.25, -8.6875, -48.5, 53.65897
186736732, -0.57077503, 0.43867105, -0.8182976, 1.089875, 1.1852, 1.3664, -1.0203999, 2.0767677, -1.3323, 3.7003999, 8.983399, 9.8066025, 5.0, 10.294119, 21.0, -9.4375, -48.3125, 53.517887
186736752, -0.75218457, 0.3913552, -0.87486374, 1.2183297, 0.58739996, 1.3889999, 0.368, 1.5523478, -1.3131, 3.5758998, 9.0365, 9.806611, 5.0, 10.411766, 20.5, -10.5625, -47.875, 53.13974
186736772, -0.57615066, 0.09698795, -0.8367632, 1.0205532, 0.037299998, 1.0274, 1.5837, 1.8881334, -1.3024, 3.4006, 9.1054, 9.8065605, 5.0, 10.529413, 20.3125, -11.375, -47.375, 52.786163
186736792, -0.11386528, -0.19455186, -0.75110245, 0.7842006, 0.0561, 0.5372, 1.8564999, 1.9334743, -1.3407999, 3.2733, 9.1463995, 9.806572, 5.0, 10.64706, 20.3125, -11.6875, -46.9375, 52.462597
186736812, 0.3206868, -0.23357742, -0.67443013, 0.7824669, 0.0932, 0.137, 0.6681, 0.68834066, -1.4171, 3.2359, 9.1482, 9.806568, 5.0, 10.764708, 20.25, -11.5, -46.5, 52.00541
186736832, 0.4508709, -0.03577925, -0.56531215, 0.7239769, -0.1337, -0.1673, -0.8437, 0.8704566, -1.5038999, 3.2747, 9.1205, 9.806574, 5.0, 10.882355, 20.375, -11.0625, -46.375, 51.84747
186736852, 0.23134339, 0.15879005, -0.40715042, 0.49447498, -0.3936, -0.3967, -1.9404999, 2.019364, -1.5481, 3.3395998, 9.089499, 9.806556, 5.0, 11.0, 20.0625, -11.0625, -46.1875, 51.557423
186736872, -0.15386823, 0.1897173, -0.20525073, 0.31905475, -0.4046, -0.4261, -2.0279, 2.1113126, -1.5468, 3.369, 9.078899, 9.806588, 5.0, 11.0, 20.0, -11.0625, -45.8125, 51.197304
186736892, -0.39608502, 0.1471138, -0.02872812, 0.42349866, -0.0839, -0.4148, -1.1237999, 1.2008432, -1.5243, 3.3313, 9.0966, 9.806588, 5.0, 11.0, 19.75, -11.4375, -45.5625, 50.959007
