50,0,,(1)
186438132, -0.035395276, -0.3169867, -0.029478611, 0.32031608, -1.2811999, -0.4114, -0.4394, 1.4155549, 0.114199996, 4.2565, 8.8338995, 9.80656, 5.0, 5.0, 19.0, -23.0, -77.125, 82.69381
186438152, -0.05242969, -0.40748203, 0.014538593, 0.41109833, -1.3879, -0.4475, -0.5707, 1.565957, 0.054199997, 4.2497997, 8.8377, 9.806562, 5.0, 5.0, 19.625, -23.1875, -76.75, 82.5431
186438172, -0.05427974, -0.45989427, 0.07621853, 0.46931684, -1.3744, -0.3691, -0.64419997, 1.5621152, -0.018099999, 4.2399, 8.8426, 9.806561, 5.0, 5.0, 20.3125, -23.25, -76.5, 82.49491
186438192, -0.04787438, -0.46952847, 0.085817836, 0.4797016, -1.0724, -0.2909, -0.5701, 1.2488708, -0.0945, 4.2299, 8.8469, 9.8065605, 5.0, 5.0, 21.0, -23.25, -76.3125, 82.49339
186438212, -0.063250735, -0.3994535, 0.03799582, 0.40621108, -1.0636, -0.47619998, -0.681, 1.3497305, -0.17189999, 4.2211, 8.849999, 9.806617, 5.0, 5.0, 21.1875, -23.375, -76.125, 82.40337
186438232, -0.08265879, -0.29225537, 0.044139378, 0.30691034, -0.9946, -0.75259995, -0.8222, 1.4938704, -0.2409, 4.2095, 8.8539, 9.806603, 5.0, 5.0, 21.5, -23.4375, -76.0, 82.38669
186438252, -0.14091788, -0.15210545, 0.024190264, 0.20875604, -0.5724, -0.6106, -1.0338, 1.330119, -0.2905, 4.1946, 8.8595, 9.806621, 5.0, 5.0, 21.4375, -23.625, -75.75, 82.19349
186438272, -0.24612632, -0.10662217, -0.016074482, 0.2687096, -0.5068, -0.4888, -1.0938, 1.3008343, -0.31689999, 4.1693, 8.8705, 9.806592, 5.0, 5.0, 21.5, -23.875, -75.75, 82.282005
186438292, -0.32388076, -0.09707521, -0.03947935, 0.34041294, -0.30859998, -0.4252, -0.68219995, 0.86106086, -0.3385, 4.125, 8.8904, 9.806601, 5.0, 5.0, 21.8125, -24.3125, -75.5, 82.26258
186438312, -0.33456215, -0.021781709, -0.09129817, 0.34747896, -0.2278, -0.5621, -0.4141, 0.73438954, -0.36049998, 4.0664997, 8.9164, 9.806558, 5.0, 5.0, 21.6875, -24.8125, -75.375, 82.2642
186438332, -0.35838592, 0.008831366, -0.10950196, 0.37484547, -0.31329998, -0.6917, -0.5489, 0.93696153, -0.37309998, 4.0056, 8.943399, 9.80655, 5.0, 5.0, 21.875, -25.375, -75.5625, 82.6565
186438352, -0.4128751, 0.059550636, -0.1402023, 0.44007817, -0.138, -0.6787, -0.4109, 0.8053052, -0.3816, 3.9401, 8.972099, 9.806558, 5.0, 5.0, 21.8125, -25.8125, -75.5, 82.71832
186438372, -0.44011968, 0.054471727, -0.21603686, 0.49329954, -0.0286, -0.4897, -0.1103, 0.5027824, -0.3832, 3.8643, 9.005, 9.806614, 5.0, 5.0, 21.8125, -26.3125, -75.375, 82.76185
186438392, -0.39973277, -0.047350783, -0.26764625, 0.4833869, -0.33409998, -0.546, 0.1282, 0.65282005, -0.3915, 3.7786999, 9.0409, 9.806616, 5.0, 5.0, 21.75, -26.875, -75.1875, 82.75559
186438412, -0.2993065, -0.05338962, -0.2587974, 0.399263, -0.5999, -0.6074, 0.2962, 0.90363115, -0.4199, 3.7073998, 9.069099, 9.806615, 5.0, 5.0, 22.0, -27.0625, -75.125, 82.82599
186438432, -0.16701056, -0.0675966, -0.21608922, 0.28134742, -0.74649996, -0.6841, 0.2058, 1.0332515, -0.44979998, 3.6503, 9.090799, 9.806612, 5.0, 5.0, 22.125, -26.9375, -74.8125, 82.53517
186438452, -0.05979498, -0.04775221, -0.19727457, 0.21159624, -0.71739995, -0.7464, -0.0901, 1.0391793, -0.4789, 3.6174998, 9.1024, 9.806597, 5.0, 5.0, 22.1875, -27.0, -74.875, 82.629
186438472, -0.022462387, 0.0074874624, -0.17868681, 0.18024871, -0.8502, -0.76949996, -0.42749998, 1.2238164, -0.50299996, 3.6042, 9.1064, 9.806619, 5.0, 5.0, 22.0625, -26.875, -75.0, 82.66813
186438492, -0.010297443, 0.055641096, -0.15194836, 0.16214275, -0.964, -0.8156, -0.6648, 1.4270453, -0.51669997, 3.5972998, 9.1083, 9.806563, 5.0, 5.0, 21.75, -26.8125, -75.125, 82.67852
186438512, 0.018692477, 0.043231804, -0.12622221, 0.13472359, -1.2662, -0.8486, -0.75439996, 1.7007362, -0.5185, 3.5937, 9.1096, 9.806545, 5.0, 5.0, 21.5, -26.5625, -75.0, 82.41854
186438532, 0.07056366, 0.017610373, -0.07880162, 0.10723362, -1.5974, -1.1116999, -0.5771, 2.029928, -0.5208, 3.5953999, 9.1089, 9.806641, 5.0, 5.0, 21.25, -26.25, -75.125, 82.36741
186438552, 0.1372876, 0.0792554, -0.0323235, 0.16178416, -1.9757999, -1.2939, -0.4536, 2.4049356, -0.5248, 3.6093998, 9.1031, 9.80661, 5.0, 5.0, 21.0625, -26.25, -75.375, 82.547455
186438572, 0.17469001, 0.21772982, 0.021170843, 0.27994835, -1.9943, -1.4609, -0.5151, 2.5252304, -0.5161, 3.6287, 9.0959, 9.80659, 5.0, 5.0, 21.1875, -25.8125, -75.5, 82.55571
186438592, 0.14304718, 0.338367, 0.08674286, 0.37746397, -1.9854, -1.6744, -0.6615, 2.6801138, -0.4759, 3.6603, 9.0854, 9.806567, 5.0, 5.0, 20.625, -25.6875, -75.75, 82.60327
186438612, 0.022060962, 0.39029053, 0.17039649, 0.4264368, -1.9346, -1.6087999, -0.5266, 2.5706463, -0.4091, 3.6866999, 9.078, 9.80659, 5.0, 5.0, 20.0625, -25.625, -75.9375, 82.617485
186438632, -0.09087929, 0.44484952, 0.24157102, 0.51430213, -1.6739, -1.2214, 0.0898, 2.0740838, -0.3265, 3.6915998, 9.0793, 9.806539, 5.0, 5.0, 19.625, -25.5625, -75.875, 82.43542
186438652, -0.11376056, 0.5136504, 0.29344222, 0.60240066, -1.4187, -1.0799, 0.816, 1.9608033, -0.2287, 3.6762, 9.0886, 9.8066, 5.0, 5.0, 19.125, -25.5, -76.0, 82.41369
186438672, -0.01425934, 0.600306, 0.31527627, 0.6782107, -1.229, -1.4136, 1.257, 2.255827, -0.11449999, 3.6562998, 9.0988, 9.80662, 5.0, 5.0, 18.9375, -25.375, -76.125, 82.44717
186438692, 0.1263793, 0.5331457, 0.30794588, 0.62852746, -0.82129997, -1.5827999, 1.0689, 2.079023, 0.017099999, 3.6538, 9.1005, 9.806613, 5.0, 5.0, 18.5625, -25.375, -76.375, 82.592964
186438712, 0.20561723, 0.3981096, 0.20856684, 0.49423662, -0.1361, -1.1093, 1.0102999, 1.5065775, 0.1361, 3.6762, 9.0904, 9.806545, 5.0, 5.0, 18.625, -25.0625, -76.375, 82.51157
186438732, 0.10430088, 0.19512782, 0.043598324, 0.22550909, 0.3748, -0.75909996, 1.1347, 1.4157159, 0.2233, 3.7127, 9.0739, 9.806614, 5.0, 5.0, 18.4375, -24.375, -76.3125, 82.20511
186438752, -0.15538666, -0.118664935, -0.17109463, 0.25980714, 0.5524, -0.309, 1.9670999, 2.0664241, 0.2615, 3.7312999, 9.0652, 9.806571, 5.0, 5.0, 18.4375, -24.5, -76.125, 82.068306
186438772, -0.24151866, -0.25464353, -0.41233402, 0.54147387, 0.2144, 0.5559, 3.3671, 3.4194086, 0.2268, 3.7038, 9.0774, 9.806567, 5.0, 5.0, 18.6875, -24.8125, -75.75, 81.87151
186438792, -0.049410272, -0.11958996, -0.55470055, 0.5695927, -0.3655, 0.9841, 4.0642, 4.1975904, 0.1498, 3.6613998, 9.0962, 9.806586, 5.0, 5.0, 18.9375, -25.0, -75.625, 81.870445
186438812, 0.40271726, 0.07285004, -0.62423444, 0.74642944, 0.030399999, 1.3981, 3.9622, 4.201742, 0.0871, 3.6536, 9.1002, 9.806631, 5.0, 5.0, 18.375, -24.5625, -75.625, 81.60942
186438832, 0.92713636, 0.27028167, -0.7370874, 1.2148794, 0.4755, 1.4818, 2.5994, 3.029639, 0.053999998, 3.7275999, 9.0704, 9.806634, 5.0, 5.0, 17.75, -23.75, -75.6875, 81.2879
186438852, 1.1856894, 0.45437902, -0.81571454, 1.5092084, 0.542, 1.3263999, -0.1735, 1.4433305, 0.046299998, 3.8957, 8.999499, 9.80661, 5.0, 5.0, 16.8125, -22.25, -76.1875, 81.13111
186438872, 1.0380346, 0.652055, -0.8108451, 1.4697487, 0.5444, 1.0115, -2.5395, 2.7872143, 0.0635, 4.13, 8.8942995, 9.806604, 5.0, 5.0, 15.5625, -20.8125, -76.625, 80.91194
186438892, 0.7292509, 0.716894, -0.7413984, 1.2630975, 1.1668, 0.599, -3.5145, 3.7512574, 0.10789999, 4.3059, 8.809999, 9.806555, 5.0, 5.0, 14.1875, -20.125, -76.8125, 80.662636
186438912, 0.42401028, 0.51124185, -0.6689498, 0.9426806, 1.6484, 0.5361, -3.3246, 3.7493453, 0.16579999, 4.4294, 8.7477, 9.806596, 5.0, 5.0, 13.375, -20.0, -76.5625, 80.25401
186438932, 0.2255838, 0.34772193, -0.6533291, 0.7737167, 1.8642999, 0.9557, -2.0297, 2.9169605, 0.195, 4.5057, 8.708, 9.8065605, 5.0, 5.0, 12.75, -19.9375, -76.3125, 79.897835
186438952, 0.17352064, 0.22725932, -0.70659655, 0.76225644, 1.6082, 1.2916, -1.3705, 2.4764507, 0.1961, 4.5474, 8.686299, 9.806584, 5.0, 5.0, 12.4375, -20.0625, -76.0, 79.581375
186438972, 0.05417502, 0.17736036, -0.741922, 0.7647483, 1.5158, 1.6086999, -1.1283, 2.481658, 0.1708, 4.5801, 8.6696, 9.806551, 5.0, 5.0, 12.1875, -20.25, -75.625, 79.23218
186438992, -0.25628415, 0.25802946, -0.8212472, 0.8981691, 1.3314999, 1.3468, -0.70059997, 2.0193074, 0.1296, 4.5927997, 8.6636, 9.806558, 5.0, 5.0, 12.1875, -21.0, -75.25, 79.070206
186439012, -0.4283387, 0.16331045, -0.7375936, 0.86844033, 0.3618, 0.4901, 0.3453, 0.7002352, 0.0991, 4.5501, 8.6865, 9.806554, 5.0, 5.0, 11.875, -21.625, -74.875, 78.83478
186439032, -0.31909853, -0.018064158, -0.6110572, 0.68959486, -0.2214, 0.1691, 0.72249997, 0.7743507, 0.0645, 4.4839997, 8.7212, 9.806618, 5.0, 5.0, 11.6875, -22.1875, -74.3125, 78.42978
186439052, -0.1471138, -0.052045718, -0.46333256, 0.4889052, -0.8247, -0.107599996, 0.30879998, 0.887167, 9.0E-4, 4.423, 8.7525, 9.806588, 5.0, 5.0, 11.875, -22.375, -73.875, 78.0972
186439072, 0.03460988, 0.067299895, -0.19938642, 0.21326524, -1.1618999, -0.081999995, -0.1638, 1.1762508, -0.0442, 4.3995, 8.7642, 9.806567, 5.0, 5.0, 11.8125, -22.0, -73.6875, 77.80349
186439092, 0.18771017, 0.26328292, 0.017488198, 0.32381916, -0.84209996, -0.027199998, -0.57269996, 1.0187529, -0.0502, 4.4052997, 8.7613, 9.806608, 5.0, 5.0, 11.75, -21.5625, -73.6875, 77.67143
186439112, 0.17870426, 0.45226717, 0.10667452, 0.49785566, -0.63449997, -0.2101, -1.076, 1.2666918, -0.0028, 4.4381, 8.7448, 9.806541, 5.0, 5.0, 11.3125, -21.125, -73.8125, 77.60492
186439132, 0.053459436, 0.5089555, 0.16922712, 0.53900963, -0.48749998, -0.3066, -1.403, 1.5165977, 0.0854, 4.4691997, 8.7286, 9.806604, 5.0, 5.0, 10.9375, -20.625, -73.875, 77.47603
186439152, -0.047420595, 0.47561967, 0.21478021, 0.52401656, -0.22839999, -0.4547, -1.2498, 1.3494141, 0.1891, 4.4779997, 8.7224, 9.806554, 5.0, 5.1764708, 10.25, -20.5, -73.8125, 77.289055
186439172, -0.062482785, 0.4680275, 0.26544714, 0.5416789, -0.20289999, -0.46409997, -0.9772, 1.1006712, 0.2911, 4.4686, 8.7244, 9.806542, 5.0, 5.3529415, 9.4375, -20.4375, -73.875, 77.22871
186439192, -0.051871184, 0.5553463, 0.3308097, 0.64848685, -0.20009999, -0.60429996, -0.705, 0.9498649, 0.3963, 4.4558, 8.7269, 9.80663, 5.0, 5.5294123, 8.875, -20.3125, -73.875, 77.128975
186439212, -0.060981803, 0.7123736, 0.3862588, 0.81264436, 0.046299998, -0.5675, -0.4104, 0.7018747, 0.52239996, 4.4435997, 8.726399, 9.806556, 5.0, 5.705883, 8.25, -20.1875, -73.8125, 76.96677
186439232, -0.016109388, 0.6339908, 0.34840262, 0.723594, 0.51559997, -0.18069999, -0.1523, 0.5671782, 0.6807, 4.4283, 8.7233, 9.806587, 5.0, 5.882354, 7.4375, -20.0, -73.6875, 76.71482
186439252, 0.09416051, 0.25764552, 0.17664477, 0.326268, 0.73289996, -0.072, 0.0429, 0.7376766, 0.83599997, 4.4193, 8.7143, 9.806536, 5.0, 6.0588245, 7.25, -19.75, -73.6875, 76.63206
186439272, 0.19303341, -0.06501351, -0.012391837, 0.20406424, 0.4139, -0.38369998, -0.0044, 0.5644096, 0.8903, 4.4312997, 8.7029, 9.806606, 5.0, 6.2352953, 7.1875, -19.375, -73.75, 76.59055
186439292, 0.20329595, -0.32037264, -0.14697418, 0.40690205, -0.0637, -0.49699998, 0.1586, 0.52556694, 0.87759995, 4.4649997, 8.6869, 9.8065605, 5.0, 6.411766, 7.375, -19.0625, -73.75, 76.529945
186439312, 0.16081464, -0.5412615, -0.22966787, 0.60956764, -0.5634, -0.4005, 0.7205, 0.9984688, 0.8086, 4.5027, 8.6741, 9.806536, 5.0, 6.588237, 7.75, -18.625, -73.5625, 76.278404
186439332, 0.19036306, -0.697259, -0.24795893, 0.76412815, -1.0957999, -0.3496, 1.5703, 1.9464942, 0.6938, 4.534, 8.6678, 9.806593, 5.0, 6.7647076, 8.5625, -18.25, -73.375, 76.09382
186439352, 0.21006782, -0.7263188, -0.16310102, 0.77347875, -1.7759999, -1.0393, 1.5886999, 2.5996706, 0.55009997, 4.5701, 8.6592, 9.806639, 5.0, 6.9411783, 9.3125, -17.6875, -73.125, 75.80789
186439372, 0.1645671, -0.98113686, 0.03520329, 0.9954653, -2.145, -1.6486, 0.8459, 2.8345113, 0.40919998, 4.6078997, 8.6469, 9.806582, 5.0, 7.117649, 10.375, -17.375, -72.75, 75.51221
186439392, 0.39707986, -1.8410082, 0.23790583, 1.8983105, -2.1873999, -2.2256, 0.4732, 3.1562529, 0.2261, 4.6389, 8.637, 9.806542, 5.0, 7.29412, 12.3125, -16.75, -72.4375, 75.36147
186439412, -0.16020377, -1.6090016, 0.373675, 1.6595736, -2.6863, -0.5758, 0.7291, 2.842418, -0.0398, 4.7001, 8.6068, 9.806606, 5.0, 7.4705906, 14.1875, -16.5, -72.0, 75.21659
186439432, -1.1116526, -0.56714475, 0.41008255, 1.3136181, -2.8460999, 1.7414999, 3.4355998, 4.7892017, -0.2821, 4.6737, 8.6166, 9.806572, 5.0, 7.6470613, 14.5625, -17.625, -71.1875, 74.76876
186439452, -1.2471948, 0.78604394, 0.5896944, 1.587797, -2.4125, 1.9435999, 5.3280997, 6.1633096, -0.34309998, 4.4835, 8.7149, 9.806578, 5.0, 7.823532, 13.3125, -19.0625, -70.75, 74.47257
186439472, -0.48932052, 0.7656061, 0.6463827, 1.1150775, -1.17, 1.5903, 3.8323, 4.3109717, -0.1538, 4.2676, 8.828, 9.806613, 5.0, 8.0, 12.125, -19.5, -70.625, 74.2641
186439492, 0.345645, 0.3397807, 0.48661524, 0.6868157, -0.2512, 0.8779, 1.2559, 1.55277, 0.055, 4.1728997, 8.8743, 9.806596, 5.0, 8.0, 11.3125, -19.25, -70.8125, 74.249214
186439512, 0.8405157, 0.12634438, 0.50511575, 0.9887221, -0.2145, 0.6085, -1.0217999, 1.2084526, 0.1458, 4.2271, 8.8476, 9.806613, 5.0, 8.0, 10.9375, -18.1875, -71.0, 74.10407
186439532, 0.8434478, -0.17373008, 0.5639333, 1.0293722, -0.1917, 0.7155, -2.9594998, 3.0507915, 0.21139999, 4.3733997, 8.774799, 9.80655, 5.0, 8.0, 11.125, -17.0, -70.9375, 73.78953
186439552, 0.5039638, -0.46373397, 0.48975685, 0.8419564, 0.1364, 1.0533, -3.3567, 3.5207217, 0.23619999, 4.5543, 8.6817, 9.806597, 5.0, 8.0, 11.5625, -16.3125, -71.0, 73.7617
186439572, 0.0044331364, -0.7433532, 0.28590238, 0.79645073, -0.6605, 0.83269995, -2.9313, 3.1180391, 0.2094, 4.6180997, 8.6486, 9.806578, 5.0, 8.0, 12.625, -16.0625, -70.375, 73.280525
186439592, -0.43113124, -1.0052398, 0.1224523, 1.1006252, -1.4702, 0.7933, -1.5996, 2.3129058, 0.107099995, 4.6179, 8.6505995, 9.806597, 5.0, 8.0, 13.875, -16.75, -69.6875, 73.002914
186439612, -0.65861744, -0.82889175, 0.07386234, 1.06127, -2.1111, 1.1401, -0.8943, 2.5605357, -0.0561, 4.5429997, 8.690599, 9.806555, 5.0, 8.0, 14.875, -17.875, -69.1875, 72.991035
186439632, -0.6598043, -0.071907565, 0.23326325, 0.70350844, -2.4535, 0.93719995, -0.47079998, 2.668269, -0.1942, 4.4283, 8.7476, 9.806531, 5.0, 8.0, 14.75, -19.125, -68.875, 72.986946
186439652, -0.8188736, -0.010716322, 0.40434042, 0.9133236, -1.2549, 0.5378, 0.1679, 1.3755702, -0.1866, 4.3134, 8.8050995, 9.806631, 5.0, 8.0, 14.6875, -20.1875, -68.125, 72.55531
186439672, -0.5747195, -0.11472049, 0.2931455, 0.65528435, 0.21319999, 0.6297, 1.4028, 1.5523608, -0.15439999, 4.1699, 8.874499, 9.806561, 5.0, 8.0, 14.8125, -20.875, -67.4375, 72.13177
186439692, -0.12644911, -0.08864527, 0.195058, 0.24878703, -0.408, 0.84209996, 0.8556, 1.2679305, -0.15079999, 4.0685, 8.9215, 9.806559, 5.0, 8.0, 14.875, -20.75, -67.125, 71.81639
186439712, 0.21774727, 0.10910053, 0.2830924, 0.37344092, -0.9963, 0.44739997, -0.115399994, 1.0982248, -0.151, 4.0464997, 8.9314995, 9.806561, 5.0, 8.0, 14.8125, -20.1875, -67.1875, 71.7015
186439732, 0.3019245, 0.4133289, 0.3957534, 0.6470085, -0.84239995, 0.36929998, -1.7455, 1.9730155, -0.1087, 4.086, 8.9141, 9.806548, 5.0, 8.0, 14.5625, -19.5625, -67.0625, 71.35921
186439752, 0.01633628, 0.3249105, 0.37411132, 0.49577513, -0.1148, 0.1195, -2.3585, 2.364314, -0.0028, 4.1401997, 8.8898, 9.806621, 5.0, 8.0, 14.4375, -19.1875, -67.3125, 71.46729
186439772, -0.16615534, -0.17666222, 0.22896974, 0.33353302, 0.3261, -0.2113, -2.0627, 2.0989807, 0.0857, 4.1428, 8.8881, 9.806551, 5.0, 8.0, 14.9375, -19.25, -67.125, 71.410484
186439792, -0.24179791, -0.06887069, 0.026162485, 0.2527724, 0.1721, 0.0037999998, 0.1493, 0.22786693, 0.073, 4.1128, 8.9022, 9.806611, 5.0, 8.0, 15.4375, -19.4375, -66.5625, 71.04012
186439812, -0.29084167, 0.1365371, -0.14903367, 0.35417834, -0.6903, -0.049, 0.8355, 1.0848849, 0.0626, 4.0697, 8.9221, 9.806643, 5.0, 8.0, 15.5625, -19.5625, -66.0625, 70.63382
186439832, -0.0055152406, 0.22163936, -0.14755014, 0.26631835, -0.79069996, -0.3166, 1.1161, 1.4039662, 0.0748, 4.0179, 8.9454, 9.806595, 5.0, 8.117647, 15.625, -19.5625, -65.875, 70.47232
186439852, 0.34337607, 0.09229301, -0.096761055, 0.368494, -0.33769998, -0.32709998, 0.34129998, 0.5809659, 0.1024, 4.0171, 8.945499, 9.806607, 5.0, 8.235294, 15.75, -19.1875, -65.9375, 70.45549
186439872, 0.4073773, 0.13849187, -0.12123057, 0.44702697, 0.0852, -0.030199999, -0.3367, 0.34862295, 0.1108, 4.0787, 8.9175, 9.806623, 5.0, 8.3529415, 15.9375, -18.6875, -65.75, 70.18753
186439892, 0.20425588, 0.30787608, -0.15233234, 0.39964145, 0.020299999, -0.32279998, -0.3877, 0.5048992, 0.1267, 4.1587, 8.880199, 9.806568, 5.0, 8.470589, 15.625, -18.6875, -65.625, 70.00003
186439912, 0.06749188, 0.50014156, -0.118350774, 0.51836634, -0.22299999, -0.584, 0.66789997, 0.9148089, 0.1642, 4.1917, 8.8640995, 9.806608, 5.0, 8.588236, 15.1875, -18.5, -65.5, 69.73636
186439932, 0.16613789, 0.64430577, -0.085748024, 0.67088336, 0.0515, -0.3166, 1.7053, 1.7352048, 0.2426, 4.2041, 8.8564, 9.806586, 5.0, 8.705883, 14.625, -18.5, -65.25, 69.38086
186439952, 0.34208453, 0.742847, -0.12170181, 0.82683426, 0.5137, -0.2083, 1.8995999, 1.978827, 0.34919998, 4.2339997, 8.8386, 9.806607, 5.0, 8.82353, 14.3125, -18.25, -65.125, 69.131584
186439972, 0.38852775, 0.67594856, -0.23218115, 0.81349146, 0.8149, -0.7844, 1.0031999, 1.5118715, 0.46969998, 4.2953, 8.8033, 9.806544, 5.0, 8.941177, 13.75, -17.875, -65.375, 69.155396
186439992, 0.27895597, 0.45919612, -0.32279864, 0.62679857, 0.8048, -1.148, -0.0208, 1.4021554, 0.5779, 4.3731, 8.7585, 9.806595, 5.0, 9.058825, 13.25, -17.8125, -65.125, 68.80489
186440012, 0.34313172, 0.68104494, -0.30143583, 0.8200153, 0.6994, -1.1790999, -0.96459997, 1.6762726, 0.62439996, 4.4203997, 8.7315, 9.806574, 5.0, 9.176472, 12.6875, -17.4375, -65.3125, 68.78053
186440032, -0.29536206, 0.02146755, -0.3158348, 0.43295637, 1.1178, 0.081099994, -1.3368, 1.744445, 0.71599996, 4.4842, 8.6918, 9.806533, 5.0, 9.294119, 12.9375, -17.75, -64.875, 68.492386
186440052, -1.0113485, -0.5228483, -0.66003114, 1.3159928, 1.2723, 1.3629999, 1.9, 2.6620512, 0.6889, 4.4325, 8.7205, 9.806567, 5.0, 9.411766, 13.75, -18.9375, -64.25, 68.379486
186440072, -1.1350399, -0.29717723, -0.94813263, 1.5085044, 0.3182, 2.1817, 5.6786, 6.0915976, 0.5545, 4.2802997, 8.805699, 9.806568, 5.0, 9.529413, 14.25, -20.375, -63.4375, 68.13604
186440092, -0.52951545, 0.5031435, -1.068316, 1.2941557, -0.49089998, 2.745, 5.6591997, 6.308926, 0.42229998, 4.0885, 8.9036, 9.806541, 5.0, 9.64706, 13.8125, -21.1875, -63.0625, 67.94537
186440112, 0.2425833, 0.8101644, -0.9334195, 1.2595575, -1.0337, 1.959, 2.9022, 3.6508877, 0.42569998, 3.9987998, 8.944099, 9.806556, 5.0, 9.764708, 12.75, -21.0, -62.9375, 67.5625
186440132, 0.72370076, 0.8258549, -0.79810417, 1.3574791, -0.4132, 0.97849995, -0.1612, 1.0743285, 0.49159998, 4.048, 8.9186, 9.8066, 5.0, 9.882355, 11.5625, -20.3125, -62.9375, 67.13731
186440152, 0.8419294, 0.4299444, -0.8070228, 1.2429734, 0.3885, 0.8312, -2.3581998, 2.5304015, 0.5725, 4.1851, 8.8502, 9.806572, 5.0, 10.0, 11.125, -19.5, -63.0, 66.88061
186440172, 0.9802467, -0.17137387, -0.9174498, 1.3535017, 0.9799, 0.74369997, -3.0268, 3.267233, 0.5793, 4.3427, 8.7734995, 9.806576, 5.0, 10.117647, 11.5625, -18.4375, -63.25, 66.88943
186440192, 0.46273914, -0.17685421, -0.9981189, 1.1142918, 0.297, 0.8656, -3.6771998, 3.789363, 0.4678, 4.5234, 8.688399, 9.806542, 5.0, 10.235294, 11.6875, -18.125, -62.9375, 66.53001
186440212, -0.20570451, -0.0010471975, -1.0759082, 1.0953966, -0.27719998, 0.84599996, -2.1555998, 2.332202, 0.34579998, 4.6117, 8.6476, 9.806546, 5.0, 10.3529415, 11.375, -18.5625, -62.5625, 66.24216
186440232, -0.4111472, 0.37732273, -0.98202693, 1.1295093, -0.6878, 1.0225999, -0.6447, 1.3908334, 0.2465, 4.5824, 8.6666, 9.806585, 5.0, 10.470589, 11.0, -19.4375, -61.9375, 65.84125
186440252, -0.3367962, 0.35550612, -0.84870124, 0.9798521, -0.6541, 1.3382, -0.3764, 1.5363277, 0.2226, 4.5155997, 8.7023, 9.806642, 5.0, 10.588236, 10.625, -20.5, -61.4375, 65.633125
186440272, -0.34126422, 0.16441001, -0.7589739, 0.8482531, -0.2965, 1.1262, -0.1109, 1.169845, 0.2082, 4.4604, 8.731, 9.806573, 5.0, 10.705883, 10.3125, -21.0625, -61.0625, 65.41105
186440292, -0.4046895, 0.19716984, -0.7373318, 0.86389107, -0.22839999, 1.0202, 0.4085, 1.122429, 0.1695, 4.4035, 8.7607, 9.806601, 5.0, 10.82353, 10.375, -21.75, -60.6875, 65.29683
186440312, -0.27127653, 0.33361968, -0.6704682, 0.7965053, -0.5416, 0.81409997, 0.45209998, 1.0772575, 0.13949999, 4.3347, 8.7955, 9.806625, 5.0, 10.941177, 10.25, -22.0, -60.375, 65.070755
186440332, -0.05745624, 0.5215218, -0.57138586, 0.7757371, -0.7385, 0.4935, -0.15869999, 0.90228057, 0.14029999, 4.2887, 8.818, 9.806618, 5.0, 11.058825, 9.5625, -22.0, -60.125, 64.73374
186440352, 0.07756243, 0.4813269, -0.5117829, 0.70683324, -0.61469996, 0.1321, -1.0347999, 1.2108333, 0.1832, 4.2802997, 8.821199, 9.806533, 5.0, 11.176472, 9.0625, -21.8125, -59.875, 64.36559
186440372, 0.087545715, 0.27844983, -0.42160174, 0.51278317, -0.5476, -0.25419998, -1.3792, 1.5055484, 0.22399999, 4.296, 8.812699, 9.8066025, 5.0, 11.294119, 8.9375, -21.6875, -59.8125, 64.24766
186440392, -0.058032196, 0.16723745, -0.3466573, 0.3892395, -0.3457, -0.33319998, -1.2813, 1.3683056, 0.23789999, 4.315, 8.8029995, 9.8065605, 5.0, 11.411766, 9.125, -21.6875, -59.4375, 63.92519
186440412, -0.1484228, 0.25183356, -0.3076841, 0.42440426, -0.4138, -0.115499996, -0.3339, 0.5441139, 0.2373, 4.3072, 8.8068, 9.806529, 5.0, 11.529413, 8.8125, -21.875, -59.1875, 63.712917
186440432, 0.008028515, 0.6703461, -0.04612905, 0.6719793, -0.6768, -0.0127, -0.5122, 0.848863, 0.25509998, 4.2825, 8.818399, 9.8065815, 5.0, 11.64706, 8.1875, -21.625, -58.875, 63.252995
186440452, -0.19750145, 0.4283387, -0.035499997, 0.4730128, 0.12109999, -0.0699, 0.23789999, 0.27594858, 0.3692, 4.2841, 8.8136, 9.806598, 5.0, 11.764708, 8.0, -22.0625, -58.6875, 63.205826
186440472, -0.17074557, 0.17055358, -0.20799088, 0.31859502, -2.0E-4, -0.4576, 1.4699, 1.5394816, 0.44149998, 4.2495, 8.827, 9.806584, 5.0, 11.882355, 7.6875, -22.25, -58.3125, 62.884876
186440492, -0.022619467, 0.008098328, -0.18240435, 0.18397981, -0.69049996, -0.7242, 1.7008, 1.9733161, 0.4551, 4.2183, 8.8413, 9.806618, 5.0, 12.0, 7.5, -22.4375, -58.0, 62.639378
186440512, 0.15502015, -0.1211084, -0.09658652, 0.21915165, -0.96209997, -0.7362, 0.85569996, 1.4831889, 0.44239998, 4.2160997, 8.842999, 9.8066225, 5.0, 12.0, 7.5625, -22.1875, -57.6875, 62.268166
186440532, 0.24026202, -0.31854004, 0.037891097, 0.4007859, -1.0009999, -0.963, 0.1911, 1.4021016, 0.41259998, 4.2441998, 8.8309, 9.806542, 5.0, 12.0, 8.0, -21.9375, -57.5, 62.060486
186440552, 0.072221726, -0.5490282, 0.12452924, 0.56758744, -0.849, -1.4814, 0.0067999996, 1.7074523, 0.3489, 4.2946, 8.809299, 9.806583, 5.0, 12.0, 8.75, -21.75, -56.875, 61.517403
186440572, -0.05614724, -1.0716321, 0.076358154, 1.0758153, -1.3096, -1.3149999, -1.1383, 2.177155, 0.27989998, 4.3041, 8.807099, 9.8065605, 5.0, 12.0, 9.625, -21.9375, -56.3125, 61.196342
186440592, -0.109117985, -1.4101387, 0.13397147, 1.4206852, -2.5307999, -1.8362999, 0.74469995, 3.2142687, 0.0791, 4.2928, 8.8167, 9.806559, 5.0, 12.0, 11.0, -21.9375, -55.8125, 60.969574
186440612, -0.7041182, -1.5164992, 0.21820106, 1.6861684, -3.531, -1.1975, 1.3741, 3.973678, -0.14639999, 4.2745, 8.824699, 9.806534, 5.0, 12.0, 12.6875, -22.5, -54.875, 60.650543
186440632, -1.0484368, -0.9417273, 0.4190361, 1.4702588, -3.0677, 0.5973, 5.3361998, 6.184058, -0.3841, 4.1570997, 8.8735, 9.806529, 5.0, 12.0, 13.5, -23.3125, -53.75, 60.123085
186440652, -0.84781116, -0.114214346, 0.606467, 1.0486329, -2.2963, 1.8361, 6.7009997, 7.3176265, -0.51809996, 3.9738998, 8.9503, 9.806538, 5.0, 12.0, 13.625, -23.75, -53.0625, 59.7104
186440672, -0.18181095, 0.18598229, 0.5560968, 0.6139123, -0.77349997, 2.3567, 5.1061, 5.676671, -0.4915, 3.8277, 9.0153, 9.806554, 5.0, 12.0, 13.5, -23.75, -52.875, 59.51536
186440692, 0.50218356, 0.32011083, 0.49420744, 0.77388644, -0.663, 1.5149, 1.8837999, 2.5066297, -0.4157, 3.7998, 9.0309, 9.806551, 5.0, 12.0, 13.3125, -23.1875, -53.0, 59.3623
186440712, 0.7718893, 0.3072303, 0.54595643, 0.9941187, -0.6408, 1.0303999, -0.93359995, 1.5309988, -0.32009998, 3.8939, 8.9946995, 9.806607, 5.0, 12.0, 12.8125, -22.0, -53.0, 58.79762
186440732, 0.7686604, 0.15126769, 0.5775469, 0.9732837, -0.33699998, 0.9069, -2.1489, 2.3566518, -0.2219, 4.0352, 8.9351, 9.806533, 5.0, 12.0, 12.5625, -21.25, -53.25, 58.693623
186440752, 0.73516756, 0.040421825, 0.5609837, 0.9256392, -0.2543, 0.8497, -2.2041, 2.375861, -0.1477, 4.1742, 8.8726, 9.806568, 5.0, 12.0, 12.75, -20.5, -53.4375, 58.63769
186440772, 0.68443084, 0.045361105, 0.50823987, 0.8537043, -0.45589998, 0.6574, -2.5244, 2.6481342, -0.0932, 4.3055, 8.8104, 9.806588, 5.0, 12.0, 13.0, -19.875, -53.25, 58.3059
186440792, 0.57046086, -0.0030019663, 0.490071, 0.7520666, -0.9716, 0.55869997, -2.4517999, 2.6958253, -0.0383, 4.4323, 8.7477, 9.80658, 5.0, 12.0, 12.9375, -19.25, -53.375, 58.196495
186440812, 0.4464552, 0.2168048, 0.6161012, 0.791143, -1.3069, 0.5847, -3.0505998, 3.3698695, 0.0026, 4.5269, 8.6992, 9.806575, 5.0, 12.0, 12.9375, -18.875, -53.4375, 58.13098
186440832, -0.06283186, -0.042010076, 0.63575363, 0.6402307, -0.85139996, 0.9263, -2.431, 2.7372751, 0.0963, 4.6038, 8.658199, 9.806562, 5.0, 12.0, 13.3125, -19.125, -53.1875, 58.06805
186440852, -0.44490188, -0.2107136, 0.53358203, 0.7259805, -0.7507, 1.2361, -0.0055, 1.4462101, 0.1524, 4.5899997, 8.6647, 9.806546, 5.0, 12.117647, 13.875, -19.625, -52.5625, 57.79682
186440872, -0.4051433, 0.068765976, 0.5598842, 0.6945071, -1.1143, 1.6552999, 1.9481, 2.788687, 0.16309999, 4.5189, 8.7019, 9.806636, 5.0, 12.235294, 14.0, -19.8125, -52.0, 57.380615
186440892, -0.117024325, 0.39137262, 0.5780356, 0.70780814, -0.77059996, 1.7614, 1.6337999, 2.5230253, 0.2313, 4.4386, 8.7415, 9.806554, 5.0, 12.3529415, 13.9375, -20.0, -51.9375, 57.373844
186440912, 0.09737192, 0.37398916, 0.4540823, 0.5962717, -0.3094, 1.2398, 0.21429999, 1.2956685, 0.33879998, 4.4172, 8.748899, 9.806614, 5.0, 12.470589, 13.8125, -19.5625, -51.8125, 57.078995
186440932, 0.16971582, 0.20680407, 0.26963592, 0.37983537, -0.14019999, 0.9198, -0.7449, 1.1918741, 0.44419998, 4.4305997, 8.7374, 9.806615, 5.0, 12.588236, 13.5625, -19.4375, -51.5, 56.69222
186440952, 0.1918815, 0.07572984, 0.11232939, 0.23488595, -0.1608, 0.8488, -1.3065, 1.5662887, 0.50409997, 4.4576, 8.7204, 9.806615, 5.0, 12.705883, 13.75, -19.1875, -51.375, 56.5386
186440972, 0.2912431, -0.15310028, 0.0064228117, 0.32909498, -0.331, 0.90059996, -2.1418, 2.346902, 0.52709997, 4.4898, 8.7024, 9.806523, 5.0, 12.82353, 14.0, -18.6875, -50.875, 55.97757
186440992, 0.30330333, -0.13631022, -0.010576695, 0.33269393, -0.4885, 0.40699998, -2.095, 2.189362, 0.4983, 4.5453997, 8.6753, 9.80662, 5.0, 12.941177, 14.1875, -18.375, -50.625, 55.693954
186441012, -0.06963864, 0.06958628, -0.14006267, 0.17119972, -0.4466, 0.3955, -2.2968, 2.3730068, 0.47599998, 4.5927, 8.6516, 9.806613, 5.0, 13.058825, 13.9375, -18.4375, -50.1875, 55.253784
186441032, -0.25019294, 0.26567402, -0.18409733, 0.40874323, -0.475, 0.2866, -0.95909995, 1.1079879, 0.475, 4.5819, 8.6573, 9.806542, 5.0, 13.176472, 13.5, -18.625, -49.9375, 54.980858
186441052, -0.30780625, 0.23195426, -0.21347122, 0.4405876, -0.34039998, 0.0938, -0.4224, 0.55053824, 0.5071, 4.5362, 8.6796, 9.806616, 5.0, 13.294119, 13.125, -19.3125, -49.625, 54.84413
186441072, -0.18606955, -0.09473647, -0.26689574, 0.33886606, -0.0453, -0.1485, 0.0056999996, 0.15536031, 0.5258, 4.4899, 8.702499, 9.806588, 5.0, 13.411766, 13.125, -19.4375, -49.0625, 54.380245
186441092, -0.019530235, -0.16255997, -0.2539454, 0.30215135, -0.059499998, -0.15179999, 0.2707, 0.31600946, 0.48119998, 4.4572, 8.7219, 9.806617, 5.0, 13.529413, 13.125, -19.4375, -48.6875, 54.042156
186441112, -0.123761296, 0.15673056, -0.31150636, 0.3700237, 0.1924, -0.19209999, 0.65999997, 0.7138068, 0.4351, 4.4561, 8.7248, 9.806542, 5.0, 13.64706, 12.8125, -19.4375, -48.375, 53.685352
186441132, -0.22575834, 0.43565163, -0.45383796, 0.66837716, 0.6441, -0.69159997, 1.1309, 1.473808, 0.4346, 4.4372, 8.7345, 9.806585, 5.0, 13.764708, 11.875, -19.5, -48.1875, 53.32261
186441152, -0.28614673, 0.44224897, -0.55545104, 0.76549983, 0.58489996, -0.9561, 0.72099996, 1.332695, 0.4741, 4.3982, 8.7521, 9.806538, 5.0, 13.882355, 11.375, -20.125, -48.125, 53.389343
186441172, -0.32918656, 0.16133824, -0.40695843, 0.54773074, 0.4023, -0.6336, 0.93759996, 1.2009946, 0.49989998, 4.3578997, 8.7708, 9.806535, 5.0, 14.0, 10.9375, -20.4375, -47.6875, 53.022804
186441192, -0.7992561, -0.64254296, -0.55513686, 1.1661255, 1.5468999, 0.1166, 4.1959, 4.4734855, 0.4928, 4.3041, 8.7978, 9.806601, 5.0, 14.176471, 11.1875, -21.1875, -47.3125, 53.033413
186441212, -0.8763647, -0.54188985, -0.9273632, 1.3862404, 0.5701, 1.5489999, 5.3683, 5.6163206, 0.332, 4.1672997, 8.8709, 9.806604, 5.0, 14.3529415, 11.375, -22.375, -46.75, 53.06217
186441232, -0.74607587, -0.26869345, -1.0136349, 1.2869658, -0.8066, 2.4661999, 4.5192, 5.2111335, 0.1594, 4.0157, 8.9453, 9.806612, 5.0, 14.529412, 11.25, -23.1875, -46.25, 52.94606
186441252, -0.3778987, 0.08880235, -0.9454972, 1.0220853, -0.8743, 2.2361, 3.9006999, 4.5803933, 0.0309, 3.8836, 9.0048, 9.806617, 5.0, 14.705883, 10.6875, -23.75, -46.125, 52.96981
186441272, 0.14252359, 0.44237116, -0.8236383, 0.9457195, -0.65059996, 1.5598999, 2.0475, 2.654962, -0.025899999, 3.8154, 9.033899, 9.806594, 5.0, 14.882354, 10.0625, -23.6875, -46.25, 52.928387
186441292, 0.49766317, 0.5645791, -0.73143256, 1.0494816, -0.02, 1.0850999, -0.059899997, 1.086936, -0.0093, 3.8407, 9.0232, 9.80659, 5.0, 15.058825, 9.5, -23.375, -46.6875, 53.06942
186441312, 0.5724331, 0.55311227, -0.7387106, 1.0859586, 0.29799998, 1.0277, -1.7569, 2.057102, 0.035299998, 3.9304998, 8.9844, 9.806605, 5.0, 15.235295, 9.0, -23.1875, -47.0625, 53.231
186441332, 0.44980624, 0.35616934, -0.8059407, 0.9893041, 0.3265, 0.778, -2.4168, 2.5598454, 0.075399995, 4.0338, 8.9382, 9.806561, 5.0, 15.411766, 8.4375, -23.0, -47.1875, 53.168144
186441352, 0.25220007, 0.1903107, -0.85587454, 0.912329, 0.38799998, 0.5732, -2.1111, 2.221676, 0.072799996, 4.1233, 8.8973, 9.806572, 5.0, 15.588237, 7.9375, -23.0625, -47.375, 53.284832
186441372, 0.13189453, -0.042010076, -0.86983716, 0.8807824, 0.23519999, 0.6046, -1.7195, 1.8378086, 0.0393, 4.1644, 8.8784, 9.806618, 5.0, 15.764708, 8.0, -23.1875, -47.1875, 53.181953
186441392, 0.22214551, -0.47935468, -0.8220501, 0.97718775, 0.0685, 0.60069996, -1.1779, 1.3240019, -0.048899997, 4.1899, 8.8663, 9.806576, 5.0, 15.941178, 8.25, -23.125, -46.9375, 52.971287
186441412, 0.038781215, -0.3400076, -0.8485442, 0.91495156, -0.3417, 1.1638, 0.2716, 1.2429626, -0.18769999, 4.2235, 8.8485, 9.806586, 5.0, 16.11765, 8.375, -23.5625, -46.875, 53.128124
186441432, -0.14905111, -0.12873548, -0.84519315, 0.8678367, -0.94519997, 1.078, 1.9239999, 2.3994296, -0.3197, 4.2258997, 8.843599, 9.806614, 5.0, 16.294119, 8.3125, -23.9375, -46.5, 52.956127
186441452, -0.02698279, -0.03417355, -0.7633721, 0.7646129, -0.9884, 0.908, 1.8634, 2.2964447, -0.4138, 4.1932, 8.8552, 9.806565, 5.0, 16.470589, 8.0625, -24.5625, -46.3125, 53.039307
186441472, 0.24949482, -0.12503539, -0.6245661, 0.6840792, -0.8006, 0.6805, 0.82189995, 1.3340015, -0.484, 4.1815, 8.8572, 9.806589, 5.0, 16.647058, 7.75, -24.75, -46.125, 52.916355
186441492, 0.34814084, 0.025883233, -0.4623028, 0.57930636, -0.92429996, 0.42749998, -0.1637, 1.0314476, -0.56619996, 4.2227, 8.8328, 9.806637, 5.0, 16.823528, 7.625, -24.75, -45.875, 52.680344
186441512, 0.17144369, 0.27091, -0.29408798, 0.43505505, -0.96159995, 0.3601, -0.8336, 1.3225867, -0.5976, 4.273, 8.8064995, 9.806635, 5.0, 17.0, 7.3125, -24.8125, -46.0, 52.774357
186441532, 0.016353736, 0.4010243, -0.15353662, 0.42972252, -0.876, 0.2985, -0.9104, 1.2981935, -0.57519996, 4.2996, 8.795, 9.806602, 5.0, 17.117647, 7.0625, -25.0625, -46.0, 52.858376
186441552, -0.07072074, 0.33889058, 0.029216811, 0.34742174, -0.85649997, 0.2017, -0.8846, 1.2477148, -0.50659996, 4.3009, 8.7986, 9.806618, 5.0, 17.235294, 6.75, -25.375, -45.8125, 52.803772
186441572, -0.112661004, 0.17997836, 0.16135569, 0.26668403, -0.6805, 0.2311, -0.6175, 0.9475198, -0.457, 4.291, 8.8061, 9.806576, 5.0, 17.352942, 6.8125, -25.6875, -45.5, 52.692577
186441592, 0.10510372, 0.3992266, 0.30956906, 0.5160055, -0.85789996, 0.191, -0.1004, 0.88462055, -0.40699998, 4.2706, 8.8185, 9.80661, 5.0, 17.470589, 6.6875, -25.6875, -45.375, 52.56863
186441612, 0.0779464, 0.06534512, 0.4103269, 0.42274553, -0.641, 0.30769998, -0.49699998, 0.86750746, -0.32, 4.2892, 8.813, 9.806559, 5.0, 17.588236, 6.9375, -25.9375, -45.0625, 52.454853
186441632, 0.046617743, -0.17238617, 0.34370768, 0.38733083, -0.5209, 0.0589, 0.1858, 0.5561723, -0.27339998, 4.3052, 8.8068, 9.806591, 5.0, 17.705883, 7.1875, -26.1875, -44.75, 52.345085
186441652, 0.09911725, -0.32976252, 0.3442662, 0.48691556, -1.0985, 0.1865, 0.2103, 1.1338918, -0.27429998, 4.3150997, 8.8019, 9.806567, 5.0, 17.82353, 7.9375, -26.1875, -44.5625, 52.293457
186441672, 0.24452063, -0.3378783, 0.42764056, 0.59735125, -1.4427999, 0.39209998, -0.034199998, 1.4955212, -0.30269998, 4.3343997, 8.7915, 9.806585, 5.0, 17.941177, 8.375, -26.0625, -44.75, 52.4591
186441692, 0.2980848, -0.31330407, 0.5081526, 0.66725785, -1.5186, 0.2807, -0.3638, 1.5865966, -0.325, 4.3799, 8.7681, 9.806565, 5.0, 18.058825, 8.6875, -25.875, -44.8125, 52.47045
186441712, 0.15069173, -0.38468802, 0.53508306, 0.67602277, -1.3808, -0.0953, 0.2331, 1.4035763, -0.3353, 4.4353, 8.7399, 9.806639, 5.0, 18.176472, 9.1875, -25.875, -44.625, 52.395767
186441732, 0.03783874, -0.3382448, 0.59596014, 0.6863015, -1.7630999, -0.4087, 1.0139999, 2.0745487, -0.355, 4.4651, 8.7239, 9.806608, 5.0, 18.294119, 9.5625, -25.75, -44.375, 52.18855
186441752, 0.1226792, -0.5813168, 0.73289865, 0.94346166, -2.1691, -0.38819999, 0.16659999, 2.209853, -0.361, 4.4758, 8.7181, 9.806547, 5.0, 18.411766, 10.0, -25.75, -44.125, 52.05841
186441772, 0.15444419, -1.0690839, 0.9363517, 1.4295272, -2.5908, -0.4567, -0.33609998, 2.652128, -0.40019998, 4.5053, 8.7012, 9.806567, 5.0, 18.529413, 11.0625, -25.625, -43.875, 52.00034
186441792, -0.35323718, -1.2254131, 0.97073466, 1.6027287, -2.5779, 0.3788, 0.6753, 2.69167, -0.4915, 4.5369, 8.6800995, 9.806587, 5.0, 18.64706, 12.3125, -25.9375, -43.5625, 52.173203
186441812, -0.65678483, -0.71691144, 1.0904818, 1.4609855, -2.8544, 0.8086, 3.9127998, 4.91034, -0.6171, 4.4860997, 8.6985, 9.806621, 5.0, 18.764708, 13.3125, -26.3125, -43.0, 52.13991
186441832, -0.55922097, -0.12292354, 1.2217131, 1.3492298, -2.5609999, 1.4235, 4.9913, 5.7877584, -0.6457, 4.3851, 8.7477, 9.806542, 5.0, 18.882355, 13.5625, -26.5, -42.6875, 52.042427
186441852, -0.13664183, 0.07838274, 1.2053418, 1.2155919, -1.6827999, 1.9494, 4.0078, 4.763868, -0.553, 4.2931, 8.7996, 9.806603, 5.0, 19.0, 13.75, -26.375, -42.375, 51.772038
186441872, 0.31745794, 0.061784655, 1.1691087, 1.2130178, -1.3173, 1.3205999, 1.6429, 2.4856355, -0.44779998, 4.2822, 8.8109, 9.806616, 5.0, 19.529411, 14.0, -25.875, -42.5, 51.689125
186441892, 0.42504004, -0.054087754, 1.184136, 1.2592707, -1.2832, 1.0192, -0.5143, 1.7175201, -0.325, 4.3535, 8.7813, 9.806621, 5.0, 20.058823, 14.3125, -25.5, -42.375, 51.48532
186441912, 0.33281684, -0.20975366, 1.1794411, 1.2433201, -1.2208999, 1.0921999, -1.5591999, 2.2615485, -0.2402, 4.4263997, 8.747499, 9.8066025, 5.0, 20.588234, 15.0, -25.125, -42.625, 51.702576
186441932, 0.2117957, -0.34876913, 1.1440458, 1.214635, -1.4559, 1.2530999, -1.6954, 2.562086, -0.17189999, 4.4893, 8.717, 9.8066025, 5.0, 21.117645, 15.8125, -24.625, -42.6875, 51.75566
186441952, 0.08175122, -0.44898593, 1.1199778, 1.2093891, -1.9002, 1.2638999, -1.4398999, 2.6984282, -0.12969999, 4.5295, 8.696899, 9.806592, 5.0, 21.647057, 16.5625, -24.1875, -42.625, 51.73241
186441972, -0.032986723, -0.51749015, 1.1179008, 1.2323095, -2.1685998, 1.2904999, -1.0196, 2.7217274, -0.1064, 4.5463, 8.688399, 9.806551, 5.0, 22.176468, 17.25, -23.75, -42.4375, 51.600063
186441992, -0.13465215, -0.48008773, 1.109628, 1.2165072, -2.1322, 1.4139999, -0.3746, 2.5857296, -0.0938, 4.5422997, 8.690599, 9.806519, 5.0, 22.70588, 18.0, -23.625, -42.25, 51.644974
186442012, -0.15175638, -0.3058515, 1.0445272, 1.098914, -1.7077, 1.5590999, -0.1899, 2.3201494, -0.077, 4.5207, 8.7021, 9.806589, 5.0, 23.23529, 18.6875, -23.6875, -41.8125, 51.56167
186442032, 0.0045727626, 0.13255775, 1.0527477, 1.0610703, -1.5970999, 1.3598, 0.0431, 2.0980089, -0.0405, 4.4979, 8.7141, 9.806542, 5.0, 23.764702, 19.125, -23.4375, -41.75, 51.557198
186442052, -0.079482295, 0.095434606, 1.11914, 1.1260105, -1.089, 1.2816, -1.1429, 2.0333815, 0.0887, 4.4982, 8.7136, 9.806554, 5.0, 24.294113, 19.4375, -23.125, -41.5625, 51.381157
186442072, -0.21345377, -0.28710666, 0.93205816, 0.99836123, -0.19389999, 0.972, -0.59999996, 1.1586118, 0.19389999, 4.4828, 8.7199, 9.806618, 5.0, 24.823524, 19.9375, -22.6875, -41.5, 51.327152
186442092, -0.22235495, -0.5748591, 0.71869165, 0.9467958, -0.6908, 0.7206, -0.3575, 1.0603185, 0.22989999, 4.4374, 8.7422, 9.806602, 5.0, 25.352936, 20.1875, -22.75, -40.8125, 50.899487
186442112, -0.08395033, -0.5013458, 0.701186, 0.86605835, -1.1063, 0.5532, -0.4962, 1.3327206, 0.1943, 4.3974, 8.7632, 9.806557, 5.0, 25.882347, 20.5625, -22.5, -40.4375, 50.6385
186442132, 0.02391101, -0.2865656, 0.7455872, 0.7991195, -1.1693, 0.5956, -1.3582, 1.8885733, 0.169, 4.3809, 8.771999, 9.80657, 5.0, 26.411758, 21.0, -22.375, -40.1875, 50.563583
186442152, -0.1224523, -0.3125012, 0.6680248, 0.7476019, -0.5564, 0.2244, -1.5139999, 1.6285368, 0.1838, 4.3824, 8.7709, 9.806523, 5.0, 26.94117, 21.5, -22.375, -39.875, 50.52629
186442172, -0.33457962, -0.2955366, 0.48916343, 0.66224337, -0.442, 0.0435, -0.6139, 0.7577133, 0.18699999, 4.3584, 8.7828, 9.806538, 5.0, 27.470581, 21.5625, -22.5, -39.3125, 50.166363
186442192, -0.37653732, -0.1637817, 0.3817035, 0.56062675, -0.77529997, 0.061199997, 0.37579998, 0.8637483, 0.177, 4.2977, 8.8129, 9.806567, 5.0, 28.0, 21.75, -22.4375, -39.125, 50.072643
186442212, 0.0, -0.37152824, 0.37576938, 0.5284277, -0.4157, -0.1929, 0.34309998, 0.572481, 0.1803, 4.2297997, 8.845699, 9.806636, 5.0, 28.705883, 21.9375, -22.5, -39.0625, 50.133648
186442232, 0.110915676, -0.10976376, 0.2864958, 0.32623643, -0.146, 0.040999997, 0.018199999, 0.15273584, 0.146, 4.2285, 8.8469, 9.806588, 5.0, 29.411766, 21.9375, -22.3125, -38.8125, 49.854908
186442252, -0.04335398, 0.24776694, 0.15653858, 0.296264, -0.1015, -0.1363, 0.48819998, 0.5169324, 0.1505, 4.2472, 8.8379, 9.8066225, 5.0, 30.11765, 21.875, -22.4375, -38.625, 49.73779
186442272, -0.036669366, 0.5047841, 0.12681562, 0.52176034, 0.1065, -0.66429996, 1.0246999, 1.2258248, 0.20729999, 4.2388997, 8.8407, 9.806591, 5.0, 30.823532, 21.75, -22.4375, -38.875, 49.877544
186442292, 0.07990117, 0.39470622, 0.063599795, 0.4077035, 0.6246, -1.1128, 0.9849, 1.6119792, 0.3069, 4.2317, 8.8412, 9.806543, 5.0, 31.529415, 21.6875, -22.5625, -39.0625, 50.052902
186442312, 0.24476497, 0.21043435, 0.015114551, 0.32314232, 1.0303999, -1.0109, 0.89629996, 1.6991163, 0.38169998, 4.2453, 8.8317995, 9.806577, 5.0, 32.2353, 21.4375, -22.375, -39.25, 50.007694
186442332, 0.24246114, 0.27394688, -0.0850848, 0.37559783, 1.1394, -1.5073, 0.5266, 1.9615028, 0.4197, 4.2883, 8.809299, 9.806601, 5.0, 32.94118, 21.0625, -22.3125, -39.125, 49.721645
186442352, 0.10686651, 0.4686558, -0.22324507, 0.5299972, 0.86359996, -1.2188, 0.9421, 1.7660211, 0.46019998, 4.3317, 8.786, 9.80659, 5.0, 33.647064, 21.0625, -22.25, -39.25, 49.792107
186442372, -0.07827802, 0.512865, -0.2912431, 0.5949626, 0.2715, -0.2859, 2.27, 2.3039858, 0.5227, 4.3526, 8.7722, 9.806622, 5.0, 34.352947, 20.625, -22.75, -39.0625, 49.687344
186442392, -0.24658011, 0.336674, -0.41643557, 0.58955044, 0.5341, 0.3301, 4.1124, 4.1600556, 0.59349996, 4.341, 8.773399, 9.806582, 5.0, 35.05883, 20.25, -22.9375, -38.8125, 49.422684
186442412, -0.21889919, 0.36775833, -0.6674837, 0.7929045, 0.6411, 1.2174, 4.6656, 4.8642464, 0.61399996, 4.3065, 8.789, 9.8066025, 5.0, 35.764713, 19.875, -23.375, -39.0, 49.62264
186442432, -0.03398156, 0.27679175, -0.7893077, 0.8371231, -0.2681, 1.8441, 3.5823998, 4.03809, 0.6211, 4.2760997, 8.8033, 9.806574, 5.0, 36.470596, 19.3125, -23.75, -38.9375, 49.529427
186442452, 0.23352505, -0.09929178, -0.792554, 0.8321867, -0.5628, 1.4064, 1.9647, 2.480877, 0.602, 4.2797, 8.802899, 9.806593, 5.0, 37.17648, 19.0625, -23.8125, -38.6875, 49.26598
186442472, 0.71750486, -0.027925268, -0.7688699, 1.0520238, -0.5564, 0.8433, 0.4754, 1.1165756, 0.5074, 4.3345, 8.782, 9.806572, 5.0, 37.882362, 18.875, -23.625, -38.875, 49.25111
186442492, 0.86475825, 0.08866273, -0.63048273, 1.0738605, -0.97389996, 0.8192, -1.9133999, 2.2979705, 0.43449998, 4.4672, 8.7192, 9.806585, 5.0, 38.588245, 18.8125, -23.1875, -39.0625, 49.167564
186442512, 0.6310587, -0.061889376, -0.5843362, 0.8622727, -0.7398, 0.5471, -2.7933998, 2.9410381, 0.39659998, 4.607, 8.6479, 9.806523, 5.0, 39.29413, 19.0625, -22.875, -39.375, 49.366337
186442532, 0.25907668, -0.22649138, -0.5679825, 0.66409576, -0.98819995, 0.5718, -2.5193, 2.7659297, 0.3311, 4.72, 8.5896, 9.806592, 5.0, 40.0, 18.8125, -23.1875, -39.375, 49.416203
186442552, 0.026005406, -0.19729201, -0.42353904, 0.46795914, -1.3622, 0.83699995, -1.8331, 2.4323678, 0.2148, 4.7792997, 8.5604, 9.806543, 5.0, 40.0, 19.0, -23.4375, -39.3125, 49.55592
186442572, -0.043982297, -0.103934355, -0.21322687, 0.24125193, -1.2964, 1.3808, -1.8318, 2.6349103, 0.15879999, 4.7837996, 8.559199, 9.8066225, 5.0, 40.0, 19.1875, -23.9375, -39.3125, 49.866188
186442592, -0.08693485, -0.32388076, -0.09688323, 0.34905985, -0.89129996, 1.3339, -0.87579995, 1.8277665, 0.1166, 4.776, 8.564199, 9.806594, 5.0, 40.0, 19.6875, -24.25, -38.9375, 49.917824
186442612, -0.35332444, -0.12782791, -0.2603333, 0.4571122, -0.8523, 1.7226, 0.4694, 1.978409, 0.058, 4.7627, 8.5722, 9.806594, 5.0, 40.0, 19.8125, -25.0, -39.0, 50.383877
186442632, -0.40411353, 0.22197098, -0.31946507, 0.56092495, -1.4821, 1.4168, 1.2889999, 2.421872, 0.0111, 4.7021, 8.6058, 9.806613, 5.0, 40.0, 19.625, -25.75, -39.1875, 50.831715
186442652, -0.27541295, 0.33166492, -0.22682299, 0.48713714, -1.6667999, 0.94509995, 0.035299998, 1.9164243, 0.019299999, 4.6324, 8.643499, 9.806609, 5.0, 40.0, 19.3125, -26.3125, -39.0, 50.855877
186442672, -0.16299629, 0.103882, -0.14805628, 0.24347469, -1.3108, 0.8092, -1.5098, 2.1569648, 0.0556, 4.5847, 8.6687, 9.806576, 5.0, 40.0, 19.0625, -26.8125, -38.9375, 50.974678
186442692, -0.11814134, -0.27288222, -0.072326444, 0.3060281, -0.93259996, 0.5456, -2.2405, 2.4874208, 0.0598, 4.5565, 8.683499, 9.80655, 5.0, 40.0, 19.125, -27.125, -38.6875, 50.973072
186442712, -0.22788765, -0.40252528, -0.043127086, 0.46456358, -1.2214999, 0.5348, -2.1633, 2.5412478, 0.0055, 4.536, 8.6945, 9.806613, 5.0, 40.0, 19.5, -27.25, -38.375, 50.94559
186442732, -0.33089697, -0.28546605, 0.05269149, 0.44018185, -1.9023999, 0.2891, -1.6638999, 2.5438685, -0.0686, 4.4962, 8.7149, 9.80663, 5.0, 40.0, 19.625, -27.5, -38.0, 50.846737
186442752, -0.31934288, -0.24855234, 0.23656192, 0.46874267, -2.0191998, -0.009699999, -1.1271, 2.3124914, -0.118599996, 4.4326, 8.746799, 9.806555, 5.0, 40.0, 19.75, -27.875, -37.75, 50.91307
186442772, -0.21682225, -0.23549728, 0.34805354, 0.47287643, -1.4395, -0.04, -0.6027, 1.5610918, -0.1393, 4.3827, 8.7716, 9.80655, 5.0, 40.0, 19.9375, -28.0625, -37.4375, 50.858376
186442792, -0.09637708, -0.24774949, 0.40671408, 0.48588547, -1.1733, -0.19479999, -0.96419996, 1.5310981, -0.1505, 4.3456, 8.7899, 9.806591, 5.0, 40.0, 20.3125, -28.0, -37.0, 50.65173
186442812, 0.09445722, -0.52199304, 0.4670152, 0.7067546, -1.2136999, -0.8088, -1.5112, 2.1002262, -0.1591, 4.3298, 8.7975, 9.806553, 5.0, 40.0, 20.9375, -27.875, -36.4375, 50.42902
186442832, -0.028640853, -0.3247534, 0.48317695, 0.5828765, -1.4956, -0.95729995, -1.4717, 2.3063269, -0.21069999, 4.348, 8.787499, 9.806612, 5.0, 40.0, 21.1875, -27.625, -36.3125, 50.30555
186442852, -0.23109904, -0.11648327, 0.49254936, 0.5563991, -1.2637, -1.0781, -0.37449998, 1.7027881, -0.2269, 4.3448, 8.7886, 9.806541, 5.0, 40.0, 21.375, -27.75, -36.125, 50.318672
186442872, -0.24569, 0.04769985, 0.5130395, 0.57083136, -1.2353, -1.2619, 0.3129, 1.7933944, -0.20619999, 4.3080997, 8.8071995, 9.80658, 5.0, 40.0, 21.625, -27.875, -36.0, 50.404922
186442892, -0.17776178, -0.23944172, 0.54042375, 0.6172434, -1.1357, -1.2881, 0.42679998, 1.7695124, -0.1489, 4.2623997, 8.8306, 9.806616, 5.0, 40.764706, 22.125, -27.875, -35.8125, 50.48828
186442912, -0.12901473, -0.58009505, 0.5020963, 0.7779819, -1.1777999, -1.0698, 1.0512, 1.907015, -0.146, 4.2355, 8.843599, 9.806632, 5.0, 41.52941, 22.8125, -28.0625, -35.25, 50.502243
186442932, -0.24659757, -0.672231, 0.53448963, 0.8935234, -1.4899, -1.3067, 2.023, 2.8319244, -0.2065, 4.2142997, 8.8525, 9.806616, 5.0, 42.294117, 23.625, -27.8125, -34.625, 50.304737
186442952, -0.2186025, -0.4575555, 0.64861673, 0.8233151, -2.2292, -1.2498, 2.8097, 3.798124, -0.2812, 4.1731, 8.8699, 9.806578, 5.0, 43.058823, 24.375, -27.4375, -34.125, 50.114594
186442972, -0.24469516, -0.20158553, 0.81969386, 0.8788689, -2.2604, -0.79459995, 3.3924, 4.1532125, -0.30879998, 4.1380997, 8.8854, 9.806608, 5.0, 43.82353, 24.5625, -27.125, -33.6875, 49.738613
186442992, -0.16287413, -0.0368439, 0.84772384, 0.86401457, -1.6868999, -0.84709996, 3.1557999, 3.6772656, -0.27429998, 4.0954, 8.9063, 9.806616, 5.0, 44.588234, 25.25, -26.8125, -33.5625, 49.828846
186443012, -0.08805186, -0.48830822, 0.85334384, 0.98711383, -1.6449, -0.9381, 1.6141, 2.4881814, -0.2182, 4.073, 8.918099, 9.806602, 5.0, 45.35294, 26.125, -26.5, -33.1875, 49.861565
186443032, -0.22532201, -0.7213446, 0.8622101, 1.1465226, -1.9015, 0.0207, 1.7660999, 2.595234, -0.23619999, 4.0611, 8.9230995, 9.806632, 5.0, 46.117645, 26.9375, -25.875, -32.625, 49.5937
186443052, -0.43458697, -0.25513223, 0.88503903, 1.0184559, -1.8067, 1.3348, 2.7702, 3.5664918, -0.30159998, 4.0218997, 8.9388, 9.806568, 5.0, 46.88235, 27.0625, -25.75, -32.125, 49.26923
186443072, -0.38055158, 0.24691173, 0.87774354, 0.98803777, -1.5444, 1.9557999, 3.0149, 3.9115145, -0.2795, 3.9564, 8.968699, 9.806569, 5.0, 47.647057, 27.25, -25.5, -31.8125, 49.039246
186443092, -0.06709046, 0.30284953, 0.82056653, 0.8772391, -1.118, 1.5382999, 1.3853999, 2.3527906, -0.1665, 3.8918998, 8.9997, 9.806589, 5.0, 48.411762, 27.25, -25.0625, -32.0, 48.935585
186443112, 0.31054643, 0.068050385, 0.7742804, 0.8370066, -0.91239995, 1.1945, -0.8857, 1.7446399, -0.048499998, 3.8815, 9.0056, 9.806591, 5.0, 49.176468, 27.375, -24.5625, -32.125, 48.833622
186443132, 0.5458692, -0.25382322, 0.82908374, 1.0245874, -1.0045, 1.1425999, -2.2638, 2.7275162, 0.023799999, 3.9375, 8.981299, 9.80654, 5.0, 49.941174, 27.5625, -24.0625, -32.125, 48.689945
186443152, 0.57524306, -0.46340236, 0.94209385, 1.197158, -1.3484, 1.0241, -2.8186998, 3.2881653, 0.0442, 4.0347, 8.938, 9.806559, 5.0, 50.70588, 28.375, -23.3125, -32.0625, 48.75056
186443172, 0.36995745, -0.57798326, 1.0689443, 1.2702658, -1.9995999, 0.9395, -2.7621999, 3.5370622, 0.0382, 4.1365, 8.891399, 9.806583, 5.0, 51.470585, 28.6875, -22.625, -32.0, 48.56813
186443192, 0.07382743, -0.6532942, 1.2324294, 1.3968271, -2.7997, 0.9849, -2.2217999, 3.7073903, 0.0244, 4.2015, 8.8609, 9.806566, 5.0, 52.23529, 29.3125, -21.9375, -31.5625, 48.339092
186443212, -0.08105309, -0.7531096, 1.4326011, 1.6205214, -2.9050999, 0.96809995, -1.2156, 3.2946177, 0.0121, 4.2141, 8.855, 9.806621, 5.0, 53.0, 30.375, -21.3125, -30.8125, 48.231457
186443232, -0.3387335, -0.30243066, 1.5398167, 1.6053785, -2.2447, 1.5518, 0.062099997, 2.7295818, -9.999999E-4, 4.1995997, 8.861899, 9.806625, 5.0, 53.0, 31.0625, -20.5625, -30.1875, 47.947685
186443252, -0.49370128, 0.551559, 1.4117968, 1.5940918, -1.2501, 1.9318, 1.6027, 2.8041484, 0.0733, 4.1383, 8.8903, 9.806545, 5.0, 53.0, 30.9375, -20.0625, -30.25, 47.693768
186443272, -0.3034255, 1.0769205, 1.1614642, 1.612707, -0.85569996, 1.6917, 1.4269999, 2.3728464, 0.28689998, 4.0453, 8.9288, 9.806642, 5.0, 53.0, 30.3125, -19.4375, -30.4375, 47.14982
186443292, 0.058346357, 0.81477207, 0.8779355, 1.1991783, -0.1898, 1.0095999, -0.2454, 1.0561899, 0.57229996, 3.9810998, 8.9439, 9.806632, 5.0, 53.0, 29.8125, -18.875, -30.875, 46.886208
186443312, 0.2776819, 0.29126054, 0.61620593, 0.73596853, 0.3107, 0.24319999, -1.6417999, 1.6885461, 0.78749996, 3.9796, 8.9282, 9.806637, 5.0, 53.0, 29.625, -18.4375, -30.9375, 46.633797
186443332, 0.27260298, 0.015620696, 0.35740852, 0.44977465, 0.3126, -0.029399998, -2.5058, 2.5253944, 0.8935, 4.0207, 8.8997, 9.8065815, 5.0, 53.0, 29.4375, -18.125, -30.9375, 46.391926
186443352, 0.09407324, -0.19792034, 0.1388584, 0.25942993, 0.0083, -0.21499999, -2.9552999, 2.963122, 0.92329997, 4.0606, 8.8785, 9.806565, 5.0, 53.0, 29.3125, -18.0625, -30.3125, 45.872913
186443372, -0.13636257, -0.40795326, -0.018430676, 0.4305349, -0.28129998, -0.3577, -2.6375, 2.6764688, 0.8991, 4.0748, 8.874499, 9.806585, 5.0, 53.0, 29.3125, -18.4375, -29.875, 45.734886
186443392, -0.31920326, -0.50216615, -0.12091641, 0.60719216, -0.8175, -0.52129996, -1.559, 1.8359033, 0.8175, 4.0485, 8.8944, 9.80658, 5.0, 53.0, 29.3125, -18.5, -29.3125, 45.394882
186443412, -0.36714745, -0.42114794, -0.15885986, 0.5808608, -1.1005, -0.561, -0.55939996, 1.356005, 0.72779995, 3.9989998, 8.9244995, 9.806548, 5.0, 53.0, 29.5625, -18.6875, -28.875, 45.353386
186443432, -0.10529571, -0.54206437, -0.11004301, 0.56305456, -1.0809, -0.6931, -0.0158, 1.2841269, 0.6396, 3.9355998, 8.9594, 9.806574, 5.0, 53.0, 29.75, -18.6875, -28.0625, 44.96431
186443452, 0.021031218, -0.18786724, -0.047804568, 0.19499151, -1.1414, -0.6027, 0.4206, 1.3575513, 0.5334, 3.918, 8.9741, 9.806616, 5.0, 53.0, 29.6875, -18.9375, -27.875, 44.910934
186443472, -0.043249257, 0.24406683, -0.112905346, 0.27237242, -0.7211, -0.6475, 0.9499, 1.3570377, 0.4956, 3.9222999, 8.974299, 9.806534, 5.0, 53.0, 29.5, -19.0625, -27.625, 44.685226
186443492, -0.039304815, 0.6121219, -0.21118484, 0.6487196, -0.5926, -0.9587, 1.0666, 1.5517461, 0.5337, 3.9150999, 8.9753, 9.806572, 5.0, 53.0, 29.0, -18.875, -27.875, 44.432884
186443512, 0.04483751, 0.49064696, -0.17783159, 0.52380234, -0.45069999, -1.3159, 0.6092, 1.5185019, 0.6174, 3.911, 8.9718, 9.806645, 5.0, 53.0, 28.6875, -18.9375, -27.875, 44.256268
186443532, 0.15379842, 0.2719223, -0.22572343, 0.38541764, -0.16149999, -1.4918, 0.79569995, 1.6984369, 0.6911, 3.9213998, 8.9618, 9.806572, 5.0, 53.0, 28.375, -18.625, -28.1875, 44.11991
186443552, 0.118350774, 0.13720033, -0.3116111, 0.36046124, -0.2865, -1.7588999, 0.9129, 2.002298, 0.72779995, 3.9582999, 8.942699, 9.806615, 5.0, 53.0, 28.3125, -18.4375, -28.0625, 43.92087
186443572, -0.058398716, -0.12692034, -0.35501742, 0.38151875, -0.8156, -1.199, 1.9320999, 2.415743, 0.7273, 3.9789, 8.933599, 9.806621, 5.0, 50.764706, 28.125, -18.8125, -27.75, 43.76058
186443592, -0.2401922, -0.4015479, -0.38610172, 0.6066363, -1.1613, -0.58709997, 3.955, 4.1635714, 0.671, 3.9729, 8.9407, 9.806644, 5.0, 48.52941, 28.125, -19.0, -27.0625, 43.409615
186443612, -0.11780973, -0.45197046, -0.43350488, 0.6372464, -1.4214, 0.3552, 4.7057, 4.9285045, 0.5683, 3.9345999, 8.9646, 9.806533, 5.0, 46.294117, 28.4375, -19.1875, -26.5625, 43.38684
186443632, -0.054942966, -0.64125144, -0.46280897, 0.79272586, -1.4646, 1.8603, 4.1047997, 4.7386866, 0.46429998, 3.9197, 8.9772, 9.806617, 5.0, 44.058823, 28.6875, -19.25, -26.0625, 43.275734
186443652, 0.20359266, -0.4808033, -0.5384166, 0.7500095, -1.6266999, 1.8736, 4.3308997, 4.991315, 0.3126, 3.9134, 8.9865, 9.80661, 5.0, 41.82353, 28.625, -19.25, -25.625, 42.97201
186443672, 0.52490777, -0.073565625, -0.52831113, 0.7483667, -2.6352, 1.1675, 2.4126, 3.7587197, 0.1836, 3.9526, 8.972899, 9.806614, 5.0, 39.588234, 28.625, -19.3125, -25.5625, 42.96283
186443692, 0.8083143, 0.22019073, -0.36206856, 0.9126608, -3.1385, 0.9788, -0.2032, 3.2938612, 0.1278, 4.0482, 8.9311, 9.806569, 5.0, 37.35294, 28.1875, -18.9375, -25.75, 42.61721
186443712, 0.92235416, 0.23336798, -0.1980076, 0.9718049, -2.9612, 1.0647, -2.5288, 4.036969, 0.1369, 4.193, 8.8639, 9.806565, 5.0, 35.117645, 28.1875, -18.875, -25.8125, 42.627293
186443732, 0.8049982, -0.3402694, -0.016475908, 0.8741149, -2.7498, 0.5024, -3.2533998, 4.2893376, 0.1608, 4.3564, 8.7844, 9.806619, 5.0, 32.88235, 28.3125, -18.5, -25.6875, 42.469933
186443752, 0.35201547, -0.8836951, 0.15964526, 0.9645302, -3.1102, 0.4962, -2.4966, 4.019026, 0.0995, 4.4972997, 8.714, 9.8066, 5.0, 30.647057, 28.9375, -18.375, -25.1875, 42.53739
186443772, -0.16510814, -1.1252313, 0.39999455, 1.2055712, -3.8237998, 1.4104999, -0.7687, 4.147512, -0.04, 4.5583997, 8.6826, 9.806536, 5.0, 28.411762, 29.6875, -18.4375, -24.3125, 42.572136
186443792, -0.38067377, -1.0557497, 0.7547327, 1.3524575, -4.0761, 2.0005999, 0.9547, 4.6398754, -0.1995, 4.5306997, 8.695, 9.806633, 5.0, 26.176468, 30.0, -18.4375, -23.4375, 42.299618
186443812, -0.2922903, -0.82791436, 1.103816, 1.4104204, -3.5087, 2.2029, 1.2494999, 4.3272386, -0.31579998, 4.4681997, 8.7238, 9.806591, 5.0, 23.941174, 30.3125, -18.0, -22.625, 41.889595
186443832, 0.052935835, -0.84618795, 1.3696122, 1.6107992, -2.9422, 1.9338, 0.2877, 3.5325477, -0.36249998, 4.4247, 8.7441, 9.806561, 5.0, 21.70588, 30.75, -17.4375, -21.875, 41.570957
186443852, 0.2388134, -0.7375761, 1.5219096, 1.7079986, -3.2587, 1.6689, -1.0152, 3.7993398, -0.3893, 4.4442, 8.7331, 9.806605, 5.0, 19.470585, 31.1875, -16.875, -21.375, 41.404305
186443872, -0.013735741, -0.67535514, 1.6141852, 1.7498249, -3.4424, 1.4968, -2.2238, 4.363005, -0.3821, 4.4976, 8.705999, 9.806571, 5.0, 17.23529, 31.625, -16.0625, -20.6875, 41.06236
186443892, -0.38131952, -0.54269266, 1.6962855, 1.8213469, -3.4306, 1.6337999, -2.3377, 4.4612956, -0.3547, 4.5071, 8.7022, 9.806531, 5.0, 15.0, 31.75, -15.25, -20.0625, 40.535526
186443912, -0.63709754, -0.6127153, 1.844272, 2.0451534, -3.1444, 1.7255, -2.2800999, 4.2501125, -0.2976, 4.4516997, 8.7328, 9.806528, 5.0, 14.764706, 31.6875, -14.5, -19.375, 39.87152
186443932, -0.69507736, -0.8238827, 1.9925901, 2.2654648, -3.1402, 1.6729, -1.5875, 3.8961015, -0.2429, 4.3501, 8.7856, 9.806586, 5.0, 14.529411, 31.6875, -13.4375, -18.5625, 39.105377
186443952, -0.7485019, -0.9839992, 2.1821852, 2.5080752, -3.2268999, 1.8815999, -0.884, 3.838588, -0.21509999, 4.2254, 8.847, 9.806614, 5.0, 14.294117, 31.5625, -12.5, -17.5, 38.192818
186443972, -0.7472278, -1.0156595, 2.3814495, 2.6946642, -3.1253, 2.3195999, 0.1619, 3.8954146, -0.20879999, 4.1142, 8.8994, 9.806608, 5.0, 14.058823, 31.75, -11.375, -16.5625, 37.57352
186443992, -0.69310516, -0.9205041, 2.5279698, 2.7781925, -2.9217, 2.5757, 0.74719995, 3.9659638, -0.19669999, 3.9780998, 8.9613, 9.806573, 5.0, 13.823528, 31.875, -10.0625, -15.625, 36.897293
186444012, -0.60854393, -0.98434824, 2.6484325, 2.8902357, -2.6766, 2.6485, 0.64239997, 3.8198714, -0.1673, 3.8743, 9.007299, 9.806612, 5.0, 13.588234, 31.6875, -8.5, -15.125, 36.12635
186444032, -0.3809879, -1.3546548, 2.7958603, 3.1300282, -2.4459999, 2.5958998, 0.3538, 3.5842414, -0.1428, 3.7726998, 9.0507, 9.806571, 5.0, 13.35294, 31.3125, -6.875, -14.0, 34.98197
186444052, -0.23554963, -1.4861304, 2.9066713, 3.2730422, -2.3565, 2.8144999, 0.7, 3.7369106, -0.18329999, 3.7069, 9.0771, 9.806551, 5.0, 13.117645, 31.0, -5.3125, -13.25, 34.12895
186444072, -0.282307, -1.4548366, 2.9257128, 3.2796407, -2.2378, 3.0126, 1.0823, 3.9057496, -0.23339999, 3.6794999, 9.0871, 9.806558, 5.0, 12.882351, 30.5625, -3.6875, -12.75, 33.32006
186444092, -0.24389231, -1.3483018, 2.9732382, 3.2737665, -2.3093998, 3.1692, 2.029, 4.4152007, -0.28919998, 3.6399999, 9.101399, 9.806564, 5.0, 12.647057, 30.0, -2.125, -12.125, 32.427322
186444112, -0.073303826, -1.4276096, 3.117315, 3.4294455, -2.1238, 3.0756998, 0.93149996, 3.8520317, -0.3179, 3.6151, 9.1104, 9.8066, 5.0, 12.411762, 29.375, -0.75, -11.4375, 31.53204
186444132, -0.15721926, -1.8957766, 3.1641424, 3.6919484, -1.0806999, 3.1811, 1.1611999, 3.5546722, -0.35099998, 3.6223998, 9.106299, 9.806614, 5.0, 12.176468, 28.625, 0.6875, -10.9375, 30.651136
186444152, -0.2773677, -2.0758247, 3.036611, 3.688765, -0.9643, 2.4824, 1.2831, 2.9561005, -0.46739998, 3.6199, 9.102, 9.806557, 5.0, 11.941174, 27.625, 2.1875, -10.375, 29.589972
186444172, -0.3318918, -1.923632, 3.119427, 3.6798556, -1.688, 2.1907, 1.6094999, 3.199844, -0.62619996, 3.6028998, 9.099199, 9.806551, 5.0, 11.705879, 26.5, 3.4375, -9.5625, 28.38147
186444192, -0.47565457, -1.5937124, 3.4040203, 3.788604, -2.7582998, 2.2226999, 1.1611999, 3.7278678, -0.75229996, 3.5858, 9.096399, 9.806549, 5.0, 11.470585, 25.375, 4.5625, -8.625, 27.18635
186444212, -0.82257366, -1.4761122, 3.6478255, 4.02022, -2.8188, 3.1208, 3.9961, 5.801193, -0.79969996, 3.5523, 9.1055, 9.806554, 5.0, 11.235291, 24.1875, 5.75, -8.5625, 26.294754
186444232, -0.6211976, -1.343153, 3.6833603, 3.96952, -1.9404, 3.5698998, 6.7440996, 7.8735137, -0.8152, 3.4522, 9.1426, 9.806599, 5.0, 11.0, 22.5625, 6.875, -8.375, 25.029436
186444252, -0.44359288, -0.723055, 3.5628629, 3.6624548, -1.0145999, 3.8256, 5.2349, 6.5626826, -0.8093, 3.4039, 9.1612, 9.806583, 5.0, 11.0, 20.875, 7.6875, -8.375, 23.769812
186444272, -0.5136155, -0.48356092, 3.297154, 3.3717735, -0.2016, 3.3177998, 2.6367, 4.2427144, -0.7005, 3.3766, 9.1802, 9.806539, 5.0, 11.0, 19.125, 8.375, -8.75, 22.637774
186444292, -0.5575454, -0.77887064, 3.0553384, 3.2019665, -0.22569999, 2.1866999, 0.66679996, 2.2972198, -0.5685, 3.3242998, 9.2084, 9.806568, 5.0, 11.0, 17.4375, 9.125, -9.1875, 21.719627
186444312, -0.48897144, -1.2467061, 2.9231997, 3.2153485, -0.587, 1.5091, -0.6656, 1.750707, -0.51129997, 3.2547, 9.2366, 9.806594, 5.0, 11.0, 15.9375, 9.5, -8.875, 20.567438
186444332, -0.40769145, -1.4746113, 2.8859193, 3.2663774, -0.7999, 1.2736, -0.8799, 1.7424468, -0.5534, 3.1957, 9.2548, 9.806634, 5.0, 11.0, 14.4375, 9.9375, -8.5, 19.479357
186444352, -0.3586128, -1.4161253, 2.7871163, 3.1467493, -1.2304, 1.1114, -0.3787, 1.7007374, -0.65239996, 3.1511998, 9.263599, 9.806628, 5.0, 11.0, 13.0, 10.4375, -8.5625, 18.741873
186444372, -0.27824038, -1.333833, 2.57272, 2.9112568, -1.6517999, 0.80219996, 0.21689999, 1.8490574, -0.7312, 3.1264, 9.2661, 9.806612, 5.0, 11.0, 11.5, 10.8125, -8.9375, 18.139435
186444392, -0.16536994, -1.2080646, 2.4011717, 2.6930268, -2.3497, 0.173, 0.1026, 2.358293, -0.8178, 3.115, 9.2627, 9.806612, 5.0, 11.0, 10.125, 11.125, -9.125, 17.593945
186444412, -0.124354705, -1.1113733, 2.3527386, 2.604994, -2.5405998, -0.3261, -0.7302, 2.6634903, -0.89169997, 3.1258, 9.2522, 9.806578, 5.0, 11.0, 8.75, 11.5, -9.0, 17.02388
186444432, -0.24584708, -1.0902199, 2.374241, 2.6241267, -2.2963, -0.2269, -0.8057, 2.4441009, -0.9496, 3.1464, 9.2394, 9.806533, 5.0, 11.0, 7.4375, 11.5, -9.3125, 16.561674
186444452, -0.29817206, -1.0708642, 2.360523, 2.6091619, -1.9794999, 0.1959, 0.17099999, 1.9965065, -1.0016, 3.1476998, 9.2335, 9.806565, 5.0, 11.0, 6.125, 11.8125, -9.3125, 16.241104
186444472, -0.37372735, -0.78578216, 2.2782829, 2.4387903, -0.98389995, 0.8559, 0.8709, 1.5681489, -1.0558, 3.1409, 9.2298, 9.806588, 5.0, 11.0, 4.9375, 11.875, -9.4375, 15.951832
186444492, -0.33105406, -0.55379295, 2.1342235, 2.2296174, -0.88339996, 1.0806, 1.3643999, 1.9518399, -1.0582, 3.1202998, 9.2365, 9.806579, 5.0, 11.0, 3.4375, 12.0, -9.75, 15.839157
186444512, -0.08637635, -0.34988615, 2.0379336, 2.069554, -0.705, 0.5266, 0.9151, 1.2695434, -1.0307, 3.1057, 9.2445, 9.806554, 5.0, 11.0, 2.375, 12.3125, -9.9375, 15.999756
186444532, 0.14866714, -0.4256858, 1.9664276, 2.0174606, -0.385, 0.12019999, -0.13239999, 0.424503, -0.96819997, 3.1308, 9.2428, 9.806562, 5.0, 11.0, 1.25, 12.4375, -10.125, 16.086315
186444552, 0.22156955, -0.6991789, 1.8620569, 2.0012996, 0.3636, -0.047199998, -1.3569, 1.4055641, -0.91279995, 3.2085, 9.2218, 9.806593, 5.0, 11.0, 0.375, 12.5, -10.125, 16.090565
186444572, 0.07623598, -0.97717494, 1.7315412, 1.9897029, -0.8164, -0.4087, -1.5116, 1.7659216, -0.91929996, 3.2687, 9.2, 9.806605, 5.0, 11.0, -0.625, 12.6875, -10.1875, 16.283379
186444592, 0.060929444, -1.086642, 1.8655126, 2.1597779, -1.3917999, -0.7586, -1.505, 2.1857736, -0.9912, 3.3207998, 9.1737995, 9.806568, 5.0, 11.058824, -1.5, 13.0, -10.4375, 16.738918
186444612, 0.02141519, -1.1067482, 1.7563597, 2.07609, -0.7856, -0.5177, -1.9420999, 2.1579928, -1.058, 3.3655999, 9.15, 9.806585, 5.0, 11.117647, -2.5, 13.375, -10.4375, 17.14882
186444632, -0.053162728, -1.2674756, 1.6300503, 2.065523, -1.4182999, -0.5337, -1.8377999, 2.381999, -1.1410999, 3.4085, 9.1241, 9.806588, 5.0, 11.176471, -3.375, 13.3125, -10.625, 17.363869
186444652, -0.060231313, -1.3277417, 1.6121781, 2.0894125, -1.407, -0.602, -1.6049, 2.2176015, -1.2602999, 3.4383, 9.097199, 9.806595, 5.0, 11.235294, -4.3125, 13.3125, -10.8125, 17.684187
186444672, 0.073967054, -1.2087103, 1.6262454, 2.0275912, -1.4930999, -1.0404999, -1.3972, 2.2943747, -1.3899, 3.4703999, 9.066, 9.80652, 5.0, 11.294118, -5.125, 13.5, -11.0, 18.152565
186444692, -0.089116514, -0.9553234, 1.6166985, 1.879973, -1.1041, -1.0387, -1.6219, 2.2200212, -1.4945999, 3.5310998, 9.0259, 9.806598, 5.0, 11.3529415, -6.0625, 13.25, -11.25, 18.408665
186444712, -0.34307936, -0.8024849, 1.5638673, 1.7909122, -0.6096, -1.1488999, -1.0475, 1.6699818, -1.5575999, 3.5679998, 9.0007, 9.806597, 5.0, 11.411765, -7.25, 13.25, -11.4375, 18.94575
186444732, -0.48101273, -0.7681194, 1.5376351, 1.7848536, -0.129, -1.2972, -0.7819, 1.5201106, -1.5870999, 3.557, 8.9999, 9.806597, 5.0, 11.470589, -8.4375, 13.125, -11.6875, 19.494991
186444752, -0.6331182, -1.2001058, 1.4679092, 1.9989623, 0.3121, -0.9812, -0.114599995, 1.0359986, -1.6164, 3.52, 9.0092, 9.806571, 5.0, 11.529412, -9.4375, 12.625, -12.125, 19.886494
186444772, -0.8333249, -1.0363241, 1.3765761, 1.9139905, 0.6023, -0.7418, 2.5879998, 2.7587633, -1.7299999, 3.4552999, 9.0131, 9.806526, 5.0, 11.588236, -10.25, 12.3125, -12.6875, 20.436066
186444792, -0.79529417, -0.3607421, 1.2791867, 1.5488533, 0.97969997, -0.2644, 4.4412, 4.555653, -1.8231, 3.3542, 9.033, 9.806602, 5.0, 11.647059, -11.5, 12.1875, -13.1875, 21.323586
186444812, -0.3088011, 0.5318193, 1.2451353, 1.3887231, 2.039, -0.0871, 4.2253, 4.6923623, -1.8036, 3.2568, 9.0724, 9.806537, 5.0, 11.705883, -12.75, 12.125, -13.4375, 22.139208
186444832, 0.13704325, 0.5605474, 1.1568741, 1.2928077, 3.1948, -0.080699995, 1.8334, 3.6843743, -1.6257, 3.2436, 9.1107, 9.806563, 5.0, 11.764707, -13.8125, 12.0, -13.4375, 22.701357
186444852, 0.4654095, 0.20706587, 0.9021258, 1.0360082, 3.7342, -0.5829, -0.48, 3.80978, -1.4296, 3.3102999, 9.119599, 9.806576, 5.0, 11.82353, -14.875, 12.0625, -13.5, 23.431166
186444872, 0.43715262, -0.36144024, 0.6202551, 0.8405105, 3.6258, -0.99369997, -1.9082999, 4.216097, -1.3407999, 3.4094, 9.0966, 9.806624, 5.0, 11.882354, -15.75, 12.1875, -13.5625, 24.094378
186444892, 0.22696261, -0.53649676, 0.3530452, 0.681162, 3.1873, -1.4073, -1.7014999, 3.8774316, -1.3633, 3.5058, 9.0564995, 9.8066, 5.0, 11.941177, -16.3125, 12.4375, -13.625, 24.625793
186444912, -0.23542747, -0.28764772, 0.22066198, 0.43227193, 2.2979999, -1.1501, -0.9349, 2.7345147, -1.4351, 3.557, 9.0254, 9.80661, 5.0, 12.0, -16.8125, 12.625, -13.875, 25.190601
186444932, -0.4790056, -0.3860843, 0.21259856, 0.6509267, 2.1476998, -0.85249996, -0.050699998, 2.311264, -1.4711, 3.5210998, 9.0336, 9.806539, 5.0, 12.3529415, -17.25, 12.75, -14.375, 25.821806
186444952, -0.42214277, -0.81391686, 0.24925047, 0.9501531, 2.1239998, -0.51089996, 0.75119996, 2.310129, -1.5258, 3.4411, 9.0554, 9.806605, 5.0, 12.705883, -17.4375, 12.6875, -15.0625, 26.304333
186444972, -0.34173545, -1.129612, 0.23371704, 1.2030919, 1.8226999, -0.383, 1.3172, 2.2812145, -1.6559999, 3.3729, 9.0582, 9.806619, 5.0, 13.058825, -17.5, 12.4375, -15.8125, 26.664145
186444992, -0.24387486, -1.2164596, 0.28558823, 1.2731103, 1.2357, -0.4025, 1.5123, 1.993994, -1.8634, 3.3142, 9.0395, 9.806566, 5.0, 13.411766, -17.75, 12.5, -16.4375, 27.23057
186445012, -0.044296455, -0.9101368, 0.4222126, 1.0042782, 0.73939997, -0.0101, 1.4818, 1.6560632, -2.0437, 3.2849, 9.0112, 9.80658, 5.0, 13.764708, -18.125, 12.5, -17.0, 27.816643
186445032, 0.1685639, -0.33068752, 0.6336942, 0.7343952, 0.826, 0.1078, 0.7132, 1.0966089, -2.1792998, 3.2949998, 8.975699, 9.806607, 5.0, 14.117649, -18.3125, 12.5, -17.125, 28.015411
186445052, 0.29670596, 0.063669614, 0.79381067, 0.8498374, 1.3741, -0.1909, -0.5333, 1.4862713, -2.1978, 3.359, 8.9474, 9.806588, 5.0, 14.470591, -19.0, 12.6875, -17.375, 28.703018
186445072, 0.4041659, 0.12840387, 0.81297433, 0.91693234, 1.717, -0.5532, -1.5767, 2.395851, -2.1387, 3.438, 8.9317, 9.806586, 5.0, 14.823532, -19.5, 12.75, -17.625, 29.21392
186445092, 0.17983873, 0.27197465, 0.8270243, 0.8889777, 1.7368, -0.5539, -2.1692998, 2.8335738, -2.0506, 3.5549998, 8.9065, 9.806565, 5.0, 15.176474, -20.0625, 12.625, -17.875, 29.688553
186445112, -0.11739085, 0.2409427, 0.7795862, 0.82437164, 2.1004999, -0.4362, -1.7163999, 2.7474349, -1.9533999, 3.6139, 8.904699, 9.806616, 5.0, 15.529415, -20.9375, 12.4375, -17.875, 30.209038
186445132, -0.19310322, 0.020437805, 0.69690996, 0.72345704, 2.236, -0.4362, -1.0296999, 2.5000498, -1.8436999, 3.6236, 8.9241, 9.806593, 5.0, 15.882357, -21.375, 12.25, -17.875, 30.437948
186445152, -0.15435691, -0.14543828, 0.65432394, 0.6878359, 2.1378999, -0.3854, -0.5232, 2.234477, -1.7946999, 3.6157, 8.9373, 9.806608, 5.0, 16.235298, -21.5625, 12.125, -17.9375, 30.556684
186445172, -0.11383037, -0.037681658, 0.6394712, 0.6506156, 1.8514999, -0.4678, 2.9999999E-4, 1.9096829, -1.7730999, 3.6116, 8.9432, 9.806547, 5.0, 16.58824, -21.625, 11.8125, -18.125, 30.589073
186445192, -0.07600909, -0.032463122, 0.6380924, 0.64342296, 1.6646, -0.46559998, -0.183, 1.73815, -1.7332, 3.6139, 8.9501, 9.806556, 5.0, 16.941181, -21.875, 11.625, -18.1875, 30.731766
186445212, -0.046565384, -0.13817772, 0.5993635, 0.61684525, 1.6532999, -0.4473, -0.2069, 1.7251915, -1.6925, 3.6223998, 8.9545, 9.806601, 5.0, 17.294123, -22.3125, 11.625, -18.5625, 31.265871
186445232, -0.021519909, -0.27232373, 0.5374043, 0.6028488, 1.5654999, -0.4254, -0.097799994, 1.6252139, -1.6732999, 3.6345, 8.953199, 9.806595, 5.0, 17.647064, -22.5625, 11.5, -18.625, 31.43576
186445252, -0.008447394, -0.38810885, 0.480175, 0.6174689, 1.3587999, -0.4992, -0.21769999, 1.4638754, -1.6824, 3.649, 8.9456, 9.806601, 5.0, 18.0, -22.75, 11.25, -19.0, 31.703707
186445272, -0.0073129297, -0.5226214, 0.45626396, 0.69380355, 1.0984, -0.54289997, -0.57769996, 1.354607, -1.7162, 3.6641, 8.933, 9.8066025, 5.0, 18.764706, -23.0625, 11.1875, -19.4375, 32.16917
186445292, 0.04017748, -0.62144196, 0.45081854, 0.7687924, 0.6477, -0.77309996, -0.40309998, 1.0861347, -1.7754999, 3.679, 8.915299, 9.806631, 5.0, 19.529411, -22.8125, 11.1875, -19.75, 32.181248
186445312, -0.14058627, -0.52431434, 0.46441466, 0.71438855, 0.4107, -0.91609997, -0.29909998, 1.0475564, -1.8522999, 3.7027998, 8.8897, 9.806554, 5.0, 20.294117, -23.25, 11.0, -20.125, 32.65851
186445332, -0.31764993, -0.4614476, 0.46348962, 0.7270887, 0.3513, -1.3939999, -0.0348, 1.4380051, -1.9106, 3.6955, 8.8804, 9.80656, 5.0, 21.058823, -23.5625, 10.625, -20.625, 33.0677
186445352, -0.45373324, -0.8216137, 0.5813343, 1.1040256, 0.1241, -1.5498999, -0.069699995, 1.5564218, -1.958, 3.6573, 8.8859, 9.80657, 5.0, 21.823528, -24.0, 10.4375, -21.0625, 33.5942
186445372, -0.59510493, -1.1541513, 0.6481978, 1.4513358, 0.1686, -0.891, 1.5483999, 1.7943938, -2.0613, 3.6002998, 8.885799, 9.806557, 5.0, 22.588234, -24.125, 10.375, -21.875, 34.178528
186445392, -0.7225838, -0.6914471, 0.67614055, 1.2072251, -0.1731, -0.0567, 3.5068998, 3.5116272, -2.2196999, 3.5226, 8.878799, 9.806572, 5.0, 23.35294, -24.4375, 9.5625, -22.625, 34.64857
186445412, -0.6798581, 0.08398525, 0.7225663, 0.9956719, -0.2545, 0.7673, 3.9487998, 4.0306997, -2.2951, 3.4248998, 8.8977995, 9.806541, 5.0, 24.117645, -24.6875, 9.125, -22.9375, 34.912277
186445432, -0.39983746, 0.6718121, 0.66853094, 1.028657, 0.5833, 0.6985, 2.8595, 3.0008135, -2.2308, 3.3365, 8.947599, 9.8065405, 5.0, 24.88235, -25.4375, 8.8125, -22.875, 35.32693
186445452, -0.016580628, 0.9277821, 0.5199336, 1.0636661, 1.4083999, -0.0602, 0.9702, 1.7112868, -2.0654, 3.2935998, 9.003099, 9.806603, 5.0, 25.647057, -26.0625, 8.5, -22.5625, 35.504513
186445472, 0.2703864, 0.69624674, 0.40304887, 0.84871477, 1.8534, -0.5132, -1.0188, 2.1763315, -1.8632, 3.3112998, 9.0406, 9.806562, 5.0, 26.411762, -26.5625, 8.5625, -22.6875, 35.96673
186445492, 0.3284535, 0.273528, 0.30888838, 0.5273626, 1.9495, -0.4827, -1.9283999, 2.7842908, -1.6945, 3.3809998, 9.047999, 9.806568, 5.0, 27.176468, -26.8125, 8.625, -22.625, 36.127434
186445512, 0.23319344, 0.0022340214, 0.16182692, 0.2838523, 1.5814999, -0.155, -1.3867999, 2.1091185, -1.6306, 3.4438999, 9.035999, 9.806559, 5.0, 27.941174, -27.0, 8.9375, -22.75, 36.42034
186445532, -0.0053930674, -0.07960447, 0.025307273, 0.08370433, 0.79469997, 0.2258, -0.4881, 0.95957035, -1.6185, 3.4915, 9.019899, 9.806564, 5.0, 28.70588, -26.9375, 8.8125, -23.25, 36.65858
186445552, -0.09683087, -0.11140437, -0.019163715, 0.14884354, 0.51519996, 0.37289998, 0.053799998, 0.63826317, -1.6330999, 3.4915, 9.0173, 9.806594, 5.0, 29.470585, -27.125, 8.5, -23.5625, 36.921635
186445572, 0.017418386, -0.10381218, -0.016423548, 0.10653686, 0.56119996, 0.21159999, -0.1742, 0.6245523, -1.6498, 3.4772, 9.0198, 9.806608, 5.0, 30.23529, -26.9375, 8.6875, -23.6875, 36.90798
186445592, 0.09628981, -0.15414748, -0.0034557518, 0.18178315, 0.6415, -0.0893, -0.84569997, 1.0652254, -1.6711999, 3.4801998, 9.0147, 9.806605, 5.0, 31.0, -27.0, 8.4375, -24.0625, 37.13752
186445612, 0.09086184, -0.1505521, -0.003403392, 0.17587891, 0.5093, -0.2697, -1.2566999, 1.3825408, -1.6959, 3.4959, 9.004, 9.8066, 5.0, 31.470589, -26.8125, 8.25, -24.1875, 37.040623
186445632, 0.03748967, -0.09344493, 0.04288274, 0.10943656, 0.1635, -0.3416, -1.4118999, 1.4618086, -1.7227, 3.5123, 8.992499, 9.806579, 5.0, 31.941177, -26.8125, 8.3125, -24.1875, 37.054596
186445652, -0.037821285, -0.08641125, 0.09079203, 0.13092192, 0.3141, -0.3822, -1.563, 1.639422, -1.736, 3.5207999, 8.9866, 9.806564, 5.0, 32.411766, -26.875, 8.1875, -24.0625, 36.990604
186445672, -0.11004301, -0.052255157, 0.084910266, 0.14849181, 0.5189, -0.4445, -1.5626999, 1.7055405, -1.7447, 3.5173, 8.9862995, 9.806577, 5.0, 32.882355, -26.8125, 7.9375, -24.1875, 36.972275
186445692, -0.14912093, -0.044331364, 0.07677703, 0.17348497, 0.6591, -0.39249998, -1.5489999, 1.7285455, -1.7477, 3.5007, 8.9922, 9.806581, 5.0, 33.352943, -26.6875, 7.8125, -24.25, 36.896076
186445712, -0.17208946, -0.09262462, 0.05677556, 0.20351306, 0.7888, -0.3478, -1.6559, 1.8668624, -1.7498, 3.4766998, 9.0011, 9.8065815, 5.0, 33.823532, -26.5, 7.6875, -24.3125, 36.775608
186445732, -0.1614255, -0.17756979, 0.0035604716, 0.24000396, 0.9481, -0.4256, -1.7724999, 2.0546982, -1.7621, 3.4478998, 9.0098, 9.806605, 5.0, 34.29412, -26.125, 7.625, -24.375, 36.53487
186445752, -0.14802137, -0.2374346, -0.052866023, 0.28474608, 1.0088999, -0.4544, -1.7085999, 2.0356011, -1.7933999, 3.4190998, 9.0146, 9.806607, 5.0, 34.76471, -26.0, 7.5625, -24.5, 36.516315
186445772, -0.15957545, -0.24244368, -0.1391551, 0.32188106, 1.2313, -0.3455, -1.259, 1.7945893, -1.8392999, 3.3906999, 9.016, 9.806535, 5.0, 35.2353, -25.6875, 7.6875, -24.4375, 36.2786
186445792, -0.1564164, -0.11773991, -0.23568927, 0.3063955, 1.2349, -0.45769998, 0.0139999995, 1.3170662, -1.8919, 3.3569999, 9.017799, 9.806602, 5.0, 35.705887, -25.5625, 8.0625, -24.875, 36.567894
186445812, -0.06454228, 0.20081758, -0.28344148, 0.3533164, 1.1536, -0.88699996, 1.4103999, 2.0265217, -1.9282999, 3.32, 9.0238, 9.806615, 5.0, 36.176476, -25.5, 8.125, -25.0, 36.623295
186445832, 0.04612905, 0.60343015, -0.27548277, 0.6649411, 0.90999997, -1.125, 1.6926, 2.226796, -1.9102, 3.2977, 9.0358, 9.806599, 5.0, 36.647064, -25.8125, 8.4375, -24.75, 36.742878
186445852, -0.025342181, 0.80717987, -0.2561969, 0.84724164, 1.1028, -1.2248, 0.83949995, 1.8496116, -1.8187, 3.296, 9.0553, 9.806617, 5.0, 37.117653, -26.1875, 8.625, -24.5625, 36.925495
186445872, -0.24963444, 0.8587718, -0.32997194, 0.9532512, 1.8258, -1.1596999, 0.44669998, 2.2086172, -1.6884999, 3.2826998, 9.0852995, 9.806622, 5.0, 37.58824, -26.375, 8.4375, -24.3125, 36.850098
186445892, -0.30368727, 0.89989173, -0.462425, 1.0563465, 2.4552, -1.1764, 1.1969, 2.9739692, -1.553, 3.2266998, 9.129399, 9.806597, 5.0, 38.05883, -26.5625, 8.625, -24.25, 36.986748
186445912, -0.17126916, 0.64261276, -0.60374427, 0.8982157, 2.447, -1.1278, 1.3076999, 2.994966, -1.4173, 3.1576, 9.1755, 9.806579, 5.0, 38.52942, -26.6875, 9.0, -24.4375, 37.288258
186445932, -0.09669124, -0.029024825, -0.70727724, 0.71444577, 2.2877, -0.6166, 1.495, 2.8015695, -1.3364999, 3.1097999, 9.203899, 9.806572, 5.0, 39.0, -26.1875, 9.125, -24.5, 37.004063
186445952, -0.09028588, -0.50045574, -0.8623148, 1.0010966, 2.1401, 0.121199995, 2.4803, 3.2782016, -1.385, 3.073, 9.2091, 9.806583, 5.0, 39.0, -25.6875, 9.4375, -25.25, 37.23542
186445972, -0.0935671, -0.35004324, -1.0183822, 1.0809196, 1.4947, 0.8207, 3.0298, 3.4766886, -1.5437, 3.0272, 9.198999, 9.806556, 5.0, 39.0, -25.0625, 9.6875, -25.5, 37.043575
186445992, -0.11705923, -0.024923302, -1.0557497, 1.0625118, 0.5704, 1.2710999, 2.9275, 3.2421145, -1.6688, 2.9775, 9.193399, 9.806579, 5.0, 39.0, -24.5625, 10.25, -25.5625, 36.90285
186446012, -0.09524262, 0.064158306, -1.0118023, 1.0182983, 0.1006, 1.2393, 2.8534, 3.1125355, -1.7285, 2.9261, 9.1989, 9.806607, 5.0, 39.0, -24.0625, 10.5, -25.75, 36.773853
186446032, 0.11913618, 0.21490239, -0.97630227, 1.0067486, 0.48049998, 0.79429996, 1.5805999, 1.8330544, -1.7749, 2.8732998, 9.206699, 9.806602, 5.0, 39.0, -23.5, 10.875, -25.875, 36.606438
186446052, 0.3482979, 0.5649631, -0.98310906, 1.1861695, 1.0178, 0.41759998, -0.2933, 1.1385655, -1.7924999, 2.8594, 9.2076, 9.806585, 5.0, 39.0, -23.1875, 11.5625, -25.875, 36.617855
186446072, 0.41837287, 0.8168839, -0.9696526, 1.3351259, 1.3448, 0.1515, -1.7447, 2.2080348, -1.7469, 2.8876, 9.2076, 9.80662, 5.0, 39.0, -22.9375, 12.1875, -25.4375, 36.35561
186446092, 0.3700796, 0.90797263, -0.96692985, 1.3770717, 1.5595, -0.2529, -1.9444, 2.5053322, -1.6477, 2.9341998, 9.2111, 9.806569, 5.0, 39.0, -22.625, 12.5625, -25.125, 36.069
186446112, 0.2531251, 0.79210025, -1.0115753, 1.309496, 1.8815, -0.3269, -1.7350999, 2.5802088, -1.5481, 2.9680998, 9.2175, 9.806556, 5.0, 39.0, -22.3125, 13.0, -25.1875, 36.072952
186446132, 0.13056809, 0.4292288, -1.0319608, 1.1252682, 2.0403, -0.3103, -1.6064999, 2.6153302, -1.4617, 2.9845998, 9.2263, 9.806581, 5.0, 39.0, -21.875, 13.3125, -25.0, 35.787403
186446152, 0.07916813, -0.05454154, -0.98244584, 0.9871384, 2.0124, -0.1688, -1.0424, 2.2726295, -1.4435999, 2.9789999, 9.2309, 9.806525, 5.0, 39.0, -21.0625, 13.4375, -25.0625, 35.388195
186446172, 0.06356489, -0.39118063, -0.9049358, 0.9879127, 1.7960999, -0.0652, -0.074999996, 1.7988471, -1.5116999, 2.9649, 9.2246, 9.806585, 5.0, 39.0, -20.0625, 13.5, -25.5, 35.142624
186446192, 0.11561061, -0.39468876, -0.81871647, 0.9162105, 1.578, -0.19929999, 0.41169998, 1.6429551, -1.6369, 2.9485, 9.2085, 9.806608, 5.0, 39.0, -19.25, 13.6875, -25.8125, 34.988503
186446212, 0.13624041, -0.19271925, -0.7420093, 0.7786398, 1.2866, -0.49969998, -0.1563, 1.3890533, -1.7572999, 2.9422998, 9.1882, 9.806541, 5.0, 39.0, -18.5, 14.0, -25.9375, 34.79948
186446232, 0.082763515, 0.08691739, -0.52536154, 0.53889626, 1.1103, -1.0208, -0.77879995, 1.6974475, -1.836, 2.941, 9.1733, 9.806621, 5.0, 39.0, -18.0, 14.0625, -25.9375, 34.561653
186446252, -0.007941248, 0.24190263, -0.34791392, 0.42382076, 1.4484, -1.1423, -1.3066, 2.260512, -1.8505, 2.9371998, 9.171599, 9.806617, 5.0, 39.0, -17.75, 13.75, -25.75, 34.164127
186446272, -0.10864674, 0.2609442, -0.29890507, 0.41138816, 1.7279999, -1.0287, -0.94329995, 2.2212658, -1.8261, 2.9233, 9.1809, 9.806592, 5.0, 39.0, -17.4375, 13.625, -25.5625, 33.81048
186446292, -0.14067353, 0.17608626, -0.311262, 0.38429084, 1.7461, -0.912, -0.5079, 2.034348, -1.7951, 2.8929, 9.1966, 9.806564, 5.0, 39.0, -17.25, 13.625, -25.25, 33.477837
186446312, 0.19376646, 0.02417281, -0.27872908, 0.34032288, 1.1819999, -1.2429, -0.0123, 1.715248, -1.7802, 2.8562, 9.2109995, 9.806605, 5.0, 39.0, -16.75, 13.9375, -25.3125, 33.399685
186446332, 0.26361454, 0.2505769, -0.1990548, 0.41461334, 1.1441, -1.1972, -0.2374, 1.672905, -1.7914, 2.8823, 9.2007, 9.806612, 5.0, 39.0, -16.5625, 14.25, -25.3125, 33.438026
186446352, 0.030246556, 0.5122541, -0.29021335, 0.5895277, 1.4524, -0.9298, -0.0642, 1.7257217, -1.7564, 2.9241, 9.1942, 9.80656, 5.0, 39.0, -16.4375, 14.5, -25.125, 33.34227
186446372, -0.06106907, 0.5909161, -0.35538393, 0.69224924, 1.4826, -1.0711, 0.1749, 1.8373753, -1.6787, 2.9201, 9.21, 9.806585, 5.0, 39.0, -16.125, 14.25, -25.0625, 33.033424
186446392, -0.0360585, 0.29091147, -0.40294418, 0.49829078, 1.2761999, -1.3975999, -0.3872, 1.9318115, -1.5899999, 2.8976, 9.2328, 9.806568, 5.0, 39.0, -15.75, 14.375, -25.125, 32.95404
186446412, 0.1306379, -0.19416788, -0.42757076, 0.48742607, 0.8236, -1.5144999, -0.5063, 1.7967656, -1.5590999, 2.8787, 9.2439995, 9.806591, 5.0, 39.0, -15.4375, 14.5, -25.1875, 32.908607
186446432, 0.27869418, -0.32344443, -0.273528, 0.50705457, 0.2952, -1.2191, -0.1002, 1.2583274, -1.6191, 2.8897998, 9.2302, 9.806581, 5.0, 39.0, -14.875, 14.8125, -25.4375, 32.980938
186446452, 0.33498105, -0.3965039, -0.1953547, 0.55460894, 0.3899, -1.2645999, -0.083, 1.3259426, -1.6941999, 2.9326, 9.203199, 9.806597, 5.0, 39.0, -14.3125, 15.0625, -25.4375, 32.844982
186446472, 0.34487706, -0.3959803, -0.18329448, 0.55618113, 0.2385, -1.4741, 0.235, 1.5116475, -1.7781999, 2.9878, 9.169499, 9.806562, 5.0, 39.0, -13.8125, 15.1875, -25.6875, 32.88302
186446492, 0.39046505, -0.1987581, -0.03195698, 0.43930513, -0.050899997, -1.78, 0.3879, 1.8224865, -1.8613, 3.0447998, 9.1342, 9.806572, 5.0, 39.0, -13.5, 15.125, -25.6875, 32.72405
186446512, 0.17592919, -0.25059438, 0.16943656, 0.3499391, -0.1603, -2.0821, -0.159, 2.094306, -1.8989999, 3.1153, 9.1026, 9.8065605, 5.0, 39.0, -13.0625, 15.125, -25.8125, 32.64475
186446532, -0.17928022, -0.6627364, 0.30653217, 0.7518796, -0.0179, -1.5724, 0.2539, 1.5928676, -1.9334999, 3.1543, 9.0819, 9.806576, 5.0, 39.0, -12.75, 14.9375, -26.3125, 32.833504
186446552, -0.35501742, -0.80203116, 0.43544218, 0.97923505, -0.36789998, -0.89019996, 2.0962, 2.3069158, -2.0542998, 3.1304, 9.0636, 9.806548, 5.0, 39.0, -12.4375, 14.75, -26.6875, 32.931393
186446572, -0.2962522, -0.40474185, 0.5896071, 0.77409166, -0.74439996, -0.063599996, 4.0375, 4.106042, -2.1485, 3.0939999, 9.054299, 9.806591, 5.0, 39.0, -12.4375, 14.25, -27.0, 32.96595
186446592, -0.17852972, 0.029548423, 0.6925292, 0.71578115, -0.6845, 0.48439997, 4.4193, 4.4981546, -2.1887999, 3.0635998, 9.054999, 9.806605, 5.0, 39.0, -12.5, 13.875, -27.1875, 32.98372
186446612, 0.0426733, 0.3376165, 0.63795274, 0.7230419, 0.056599997, 0.66899997, 3.6336, 3.6951067, -2.1454, 3.0619, 9.0659, 9.806555, 5.0, 39.0, -12.75, 13.5625, -27.125, 32.897865
186446632, 0.30967376, 0.5007524, 0.5698849, 0.819402, 0.46559998, 0.6156, 1.2195, 1.4432348, -2.0444999, 3.0967, 9.0774, 9.806565, 5.0, 39.17647, -13.3125, 13.5, -27.3125, 33.248238
186446652, 0.41530108, 0.3284186, 0.5087635, 0.73428476, 0.7407, 0.7046, -0.9677, 1.4076722, -1.9174999, 3.1759, 9.0778, 9.80661, 5.0, 39.352943, -13.5625, 13.875, -27.5625, 33.706802
186446672, 0.41964698, 0.0023038345, 0.36985272, 0.5593746, 0.8146, 0.6719, -1.9142, 2.1861346, -1.8247, 3.2707, 9.0632, 9.80656, 5.0, 39.529415, -13.625, 13.9375, -27.6875, 33.85989
186446692, 0.3024481, -0.14974925, 0.28698447, 0.44301215, 0.4265, 0.5165, -2.0923, 2.1969054, -1.7994, 3.3604, 9.035399, 9.806558, 5.0, 39.705887, -13.6875, 14.125, -27.9375, 34.166756
186446712, 0.1656492, -0.21341886, 0.26267204, 0.37680745, 0.17909999, 0.63409996, -1.8591, 1.9724128, -1.8069999, 3.4289, 9.0081, 9.806552, 5.0, 39.88236, -13.875, 14.0625, -28.125, 34.369827
186446732, 0.12164945, -0.21301743, 0.2594432, 0.35705152, 0.0313, 0.662, -1.0759, 1.2636393, -1.8259, 3.4666998, 8.9897995, 9.806549, 5.0, 40.05883, -13.875, 14.0625, -28.4375, 34.626015
186446752, 0.03382448, -0.08662069, 0.23846434, 0.25595406, 0.20799999, 0.66429996, -0.36319998, 0.78515774, -1.8456999, 3.4984999, 8.973499, 9.806621, 5.0, 40.235302, -14.0, 14.125, -28.625, 34.855507
186446772, -0.004171337, 0.17414895, 0.22813198, 0.28703564, 0.42209998, 0.53249997, 0.063999996, 0.6825105, -1.8441, 3.5137, 8.9678, 9.8065405, 5.0, 40.411774, -14.1875, 14.1875, -28.875, 35.161568
186446792, 0.036808994, 0.36023596, 0.25452137, 0.44261268, 0.5706, 0.40309998, -0.5995, 0.9205836, -1.7964, 3.5216, 8.9744, 9.806558, 5.0, 40.588245, -14.6875, 14.25, -29.0, 35.493454
186446812, 0.09550442, 0.3667635, 0.2716954, 0.46632066, 0.84059995, 0.2719, -1.0508, 1.3728505, -1.7134, 3.5375, 8.9844, 9.806583, 5.0, 40.764717, -15.125, 14.125, -29.0625, 35.677868
186446832, 0.08913396, 0.4190361, 0.24944246, 0.4957395, 0.96089995, -0.0446, -1.3895999, 1.6900609, -1.6277, 3.5641, 8.9897995, 9.806564, 5.0, 40.94119, -15.625, 14.0625, -28.8125, 35.665874
186446852, 0.0055152406, 0.37575194, 0.2094046, 0.4301979, 1.0045999, -0.2557, -1.622, 1.9249643, -1.5340999, 3.5884, 8.9966, 9.806574, 5.0, 41.11766, -15.875, 14.0625, -28.75, 35.72579
186446872, -0.08874999, 0.22519983, 0.14240141, 0.28083748, 1.0784, -0.20889999, -1.6130999, 1.9515833, -1.451, 3.596, 9.007299, 9.806532, 5.0, 41.294132, -16.125, 14.0, -28.6875, 35.762947
186446892, -0.15404277, 0.11309733, 0.07328638, 0.20467308, 1.1056, -0.20089999, -1.2041999, 1.6470609, -1.3998, 3.5844, 9.0201, 9.806608, 5.0, 41.470604, -16.0, 13.875, -28.8125, 35.758575
186446912, -0.15788248, 0.073565625, 0.024190264, 0.17585206, 0.9619, -0.2557, -0.88479996, 1.3317301, -1.3737, 3.559, 9.0341, 9.806553, 5.0, 41.647076, -15.9375, 13.625, -29.125, 35.887466
186446932, -0.13140585, 0.058451075, 0.016196655, 0.14472856, 0.8091, -0.44009998, -0.8391, 1.2459613, -1.3583, 3.5314999, 9.047299, 9.806635, 5.0, 41.823547, -15.8125, 13.375, -29.25, 35.83976
186446952, -0.0943525, -9.250245E-4, 0.011170107, 0.0950159, 0.77739996, -0.65929997, -0.8793, 1.3461782, -1.3462, 3.5084999, 9.058, 9.806589, 5.0, 42.0, -15.875, 13.25, -29.375, 35.923096
186446972, -0.061295964, -0.06454228, -0.0094945915, 0.089515634, 0.7665, -0.7247, -0.99359995, 1.4491215, -1.3450999, 3.4919999, 9.0645, 9.806555, 5.0, 41.941177, -15.875, 13.1875, -29.6875, 36.156235
186446992, 0.026022859, 0.045710173, -0.029810224, 0.060458735, 0.83849996, -0.73679996, -0.6825, 1.3083434, -1.3582, 3.4799, 9.0672, 9.806555, 5.0, 41.882355, -15.5625, 13.25, -29.5625, 35.940163
186447012, 0.022218041, 0.07171558, 0.014451326, 0.07645656, 0.90099996, -0.89959997, -1.1134, 1.6913724, -1.3521999, 3.4838, 9.0666, 9.806556, 5.0, 41.823532, -15.5625, 13.25, -29.875, 36.197647
186447032, -0.072640605, 0.057229348, -0.094230324, 0.13202731, 1.2004, -1.0615, -0.3488, 1.6399401, -1.3377, 3.4887, 9.066899, 9.806586, 5.0, 41.76471, -15.5, 13.25, -30.3125, 36.533
186447052, -0.036669366, 0.1799958, -0.2104518, 0.27934402, 0.92109996, -1.3333, 0.0558, 1.6214893, -1.333, 3.4717999, 9.0741, 9.806608, 5.0, 41.705887, -15.4375, 13.1875, -30.5, 36.639824
186447072, -0.03820526, 0.32005847, -0.24874432, 0.4071496, 0.86509997, -1.2361, 0.13759999, 1.5150164, -1.3162, 3.4612, 9.0806, 9.806609, 5.0, 41.647064, -15.4375, 13.25, -30.625, 36.76642
186447092, -0.010960667, 0.4434009, -0.29201102, 0.53103197, 1.1333, -1.0052, 0.6847, 1.6624109, -1.2706, 3.4469, 9.0925, 9.806584, 5.0, 41.58824, -15.6875, 13.5625, -30.5, 36.882095
186447112, 0.00424115, 0.4744503, -0.33393383, 0.58020073, 1.4018999, -1.0620999, 1.1056, 2.0774338, -1.2156, 3.439, 9.103, 9.80658, 5.0, 41.52942, -15.5, 13.9375, -30.75, 37.149246
186447132, -0.069935344, 0.3083822, -0.42828634, 0.5323718, 1.642, -1.5002999, 1.0555999, 2.461982, -1.1516, 3.4322999, 9.1138, 9.80654, 5.0, 41.470596, -15.3125, 14.0625, -30.875, 37.2222
186447152, -0.1293987, -0.11732103, -0.5593431, 0.58598036, 1.5066999, -1.5518, 1.2301999, 2.4882965, -1.1242, 3.4103, 9.1255, 9.806565, 5.0, 41.411774, -14.75, 14.1875, -31.25, 37.35519
186447172, 0.006126106, -0.49338713, -0.6403788, 0.8084265, 1.2222999, -1.382, 2.1755, 2.8524973, -1.1831, 3.3741999, 9.1315, 9.806592, 5.0, 41.35295, -14.125, 14.375, -31.8125, 37.658882
186447192, 0.019198623, -0.29126054, -0.7181506, 0.77520424, 1.0412999, -0.89629996, 2.7375, 3.0629342, -1.3158, 3.3597, 9.1187, 9.80661, 5.0, 41.29413, -13.5625, 14.6875, -32.0625, 37.784492
186447212, -0.087545715, 0.15337953, -0.80203116, 0.8212451, 0.96559995, -0.41189998, 3.1390998, 3.3099837, -1.4167, 3.3439999, 9.1093, 9.806565, 5.0, 41.235306, -13.375, 15.1875, -32.0625, 37.9151
186447232, -0.104754664, 0.5660277, -0.8925963, 1.0621153, 1.1082, 0.18699999, 2.9034, 3.1133273, -1.4416, 3.3055, 9.1195, 9.806622, 5.0, 41.176483, -13.1875, 15.25, -32.0625, 37.874485
186447252, 0.08122762, 0.74616313, -0.96460855, 1.2222222, 1.3965, 0.3685, 1.5861, 2.1451614, -1.3965, 3.2614, 9.1423, 9.806559, 5.0, 41.11766, -13.25, 15.75, -32.375, 38.363598
186447272, 0.3021514, 0.73797756, -1.0144552, 1.2903588, 1.6459, 0.1418, -0.30179998, 1.6793383, -1.3223, 3.2505, 9.1572, 9.806556, 5.0, 41.058838, -13.0, 16.4375, -32.375, 38.565945
186447292, 0.40123373, 0.6152111, -1.0305821, 1.2655326, 1.4196999, 0.0341, -1.7916, 2.286163, -1.253, 3.2800999, 9.1564, 9.806565, 5.0, 41.0, -13.125, 17.0, -32.1875, 38.69497
186447312, 0.3909712, 0.40889573, -1.0144203, 1.1615088, 1.2866, 0.111999996, -2.3293, 2.6633666, -1.2082, 3.3286, 9.144899, 9.806555, 5.0, 40.235294, -12.6875, 17.6875, -32.3125, 38.96047
186447332, 0.3105639, 0.18299778, -1.0010335, 1.0639578, 1.3678, 0.34579998, -1.9598, 2.4148023, -1.2011, 3.376, 9.1285, 9.806606, 5.0, 39.47059, -12.1875, 18.125, -32.375, 39.0537
186447352, 0.19802506, 0.05953318, -1.0067059, 1.0277232, 1.2940999, 0.506, -1.031, 1.7302288, -1.2353, 3.4087, 9.1117, 9.806542, 5.0, 38.705883, -11.4375, 18.5625, -32.4375, 39.084194
186447372, 0.09176941, 0.07065093, -0.9797755, 0.98659676, 0.82799995, 0.52779996, -0.0075999997, 0.98194426, -1.2987, 3.4208, 9.0984, 9.806599, 5.0, 37.941177, -10.8125, 18.8125, -32.25, 38.870075
186447392, 0.030403635, 0.118664935, -0.90607023, 0.91431344, 0.4644, 0.51989996, 0.7809, 1.0467894, -1.347, 3.4129, 9.094299, 9.806558, 5.0, 37.17647, -10.0625, 18.8125, -32.3125, 38.720303
186447412, 0.048258353, 0.13320352, -0.80730206, 0.8196393, 0.41599998, 0.6286, 0.97599995, 1.233195, -1.3867999, 3.3941, 9.0954, 9.806602, 5.0, 36.411766, -9.5, 19.25, -32.5, 38.949486
186447432, 0.120322995, 0.09850638, -0.69832367, 0.7154279, 0.52459997, 0.49749997, 0.3872, 0.8201434, -1.4169999, 3.3806999, 9.095699, 9.806567, 5.0, 35.64706, -8.75, 19.3125, -32.375, 38.699818
186447452, 0.17154841, 0.097179934, -0.5780356, 0.6107356, 0.43879998, 0.2157, -0.6462, 0.8103372, -1.4489, 3.3832, 9.0897, 9.806528, 5.0, 34.882355, -8.125, 19.5, -32.25, 38.552925
186447472, 0.15479325, 0.13697344, -0.43483132, 0.4814571, 0.1245, -0.0063, -1.6581, 1.6627795, -1.4679999, 3.3964999, 9.081699, 9.806554, 5.0, 34.11765, -7.625, 19.5625, -32.1875, 38.43003
186447492, 0.0773879, 0.26495844, -0.26481882, 0.3825191, -0.0372, -0.2538, -2.1018999, 2.117494, -1.4729999, 3.4138, 9.0744, 9.806554, 5.0, 33.352943, -7.4375, 19.6875, -32.1875, 38.457108
186447512, -0.03694862, 0.4670152, -0.12339478, 0.48445296, 0.072799996, -0.4242, -2.2412999, 2.2822511, -1.4456999, 3.4199, 9.0765, 9.80656, 5.0, 32.588238, -7.375, 20.0625, -32.1875, 38.638447
186447532, -0.17411405, 0.47233847, -0.023527037, 0.5039572, 0.18239999, -0.6595, -2.1195, 2.2272158, -1.369, 3.4101999, 9.0921, 9.806625, 5.0, 31.823532, -7.5, 19.9375, -32.1875, 38.597786
186447552, -0.23542747, 0.28712413, 0.02391101, 0.3720727, 0.3064, -0.7567, -1.4719, 1.6831415, -1.2674, 3.3718, 9.120999, 9.806527, 5.0, 31.058826, -7.4375, 19.875, -32.6875, 38.971844
186447572, -0.22513002, 0.13774139, 0.040526547, 0.26701802, 0.3021, -0.8587, -0.80359995, 1.21425, -1.2239, 3.3384, 9.139299, 9.806612, 5.0, 30.29412, -7.3125, 20.0, -32.9375, 39.221825
186447592, -0.1844464, 0.12124802, 0.07300712, 0.23248999, 0.2809, -1.0005, -0.2548, 1.0699663, -1.1929, 3.2947, 9.1592, 9.80658, 5.0, 29.529415, -7.375, 20.1875, -33.3125, 39.64402
186447612, -0.1107935, 0.1341111, 0.100391336, 0.20084673, 0.472, -1.0189999, -0.0425, 1.123811, -1.1682999, 3.2663999, 9.1725, 9.8065815, 5.0, 28.76471, -7.375, 20.5, -33.5, 39.961113
186447632, -0.006632251, 0.06955137, 0.10473721, 0.1259018, 0.4405, -1.2326, -0.2488, 1.3323829, -1.1367999, 3.2489, 9.1827, 9.806612, 5.0, 28.0, -7.3125, 20.5625, -33.9375, 40.349014
186447652, 0.092729345, -0.08894198, 0.12552407, 0.17962655, 0.17539999, -1.584, -0.3487, 1.6313837, -1.1169, 3.2505999, 9.1845, 9.806575, 5.0, 28.0, -7.3125, 20.875, -34.375, 40.876385
186447672, 0.14768976, -0.2186025, 0.17900097, 0.31881133, -0.0618, -1.8283, -0.1248, 1.8335962, -1.1247, 3.271, 9.1763, 9.806573, 5.0, 28.0, -7.3125, 21.25, -34.5, 41.17384
186447692, 0.18882717, -0.21937044, 0.2558129, 0.38628918, -0.25939998, -2.0123, 0.5078, 2.0915306, -1.1527, 3.3028, 9.1615, 9.806645, 5.0, 28.0, -7.0625, 21.4375, -34.5, 41.22736
186447712, 0.30276227, -0.39241982, 0.35838592, 0.61163616, -0.57, -2.0007, 0.3981, 2.1180613, -1.1754999, 3.3439, 9.1435995, 9.806573, 5.0, 28.0, -6.9375, 21.875, -34.8125, 41.69598
186447732, 0.274453, -0.47397906, 0.520911, 0.755863, -1.1996, -2.0735, -0.0326, 2.3957264, -1.2226, 3.4083, 9.1136, 9.806578, 5.0, 28.0, -6.6875, 22.25, -34.875, 41.90526
186447752, -0.045308746, -0.80847144, 0.7096858, 1.0767232, -1.4633, -1.3726, 0.2531, 2.0222108, -1.2725999, 3.4717999, 9.0827, 9.806546, 5.0, 28.0, -6.5, 22.5, -35.375, 42.425117
186447772, -0.37379718, -0.828787, 0.8504291, 1.2449265, -1.2878, -0.70449996, 2.0073, 2.4867654, -1.3697, 3.4829, 9.0644, 9.806631, 5.0, 28.0, -6.1875, 22.0625, -35.5625, 42.305206
186447792, -0.44902086, -0.41435862, 1.0663089, 1.2289537, -1.2947999, -0.5907, 3.2308, 3.5303686, -1.4606999, 3.4397, 9.0666, 9.806549, 5.0, 28.0, -6.5625, 21.6875, -36.0, 42.53721
186447812, -0.30527553, -0.001972222, 1.202305, 1.2404573, -1.5476999, -0.5818, 3.5654, 3.9301326, -1.4627999, 3.3897998, 9.0851, 9.806608, 5.0, 28.0, -7.1875, 21.5625, -36.25, 42.78626
186447832, -0.20167279, 0.10681415, 1.2957673, 1.3157105, -1.3837999, -0.11229999, 3.2508, 3.534857, -1.3816, 3.3688998, 9.1055, 9.806551, 5.0, 28.0, -7.8125, 21.5625, -36.3125, 42.948505
186447852, -0.12355186, 0.22572343, 1.3206034, 1.3454403, -0.57879996, 0.62119997, 2.5872, 2.7229583, -1.2745, 3.3669999, 9.121799, 9.806541, 5.0, 28.0, -8.5625, 21.5625, -36.5625, 43.302128
186447872, 0.031136673, 0.34147367, 1.2329354, 1.2797279, -0.023, 0.8664, 0.99469995, 1.3193203, -1.1438999, 3.3769, 9.1355, 9.806596, 5.0, 28.0, -9.5, 21.5, -36.75, 43.624104
186447892, 0.21725859, 0.11779227, 1.112787, 1.1398996, 0.311, 0.92829996, -0.98149997, 1.3862915, -0.9975, 3.4094, 9.1406, 9.806609, 5.0, 28.0, -10.25, 21.625, -36.75, 43.855053
186447912, 0.25134486, -0.24930283, 1.0210525, 1.0806823, 0.1047, 0.7934, -2.2826998, 2.418918, -0.899, 3.4706, 9.1278, 9.80663, 5.0, 28.0, -10.8125, 22.0, -37.0, 44.38367
186447932, 0.18819885, -0.39563122, 0.9591631, 1.0544841, -0.0393, 0.87729996, -2.3683999, 2.5259686, -0.87259996, 3.5349, 9.105599, 9.806574, 5.0, 28.0, -11.1875, 21.9375, -37.25, 44.653965
186447952, 0.04834562, -0.31319934, 0.9584999, 1.0095311, -0.4283, 0.9385, -1.995, 2.2459404, -0.8759, 3.5863, 9.085199, 9.80661, 5.0, 28.0, -11.375, 22.125, -37.6875, 45.1581
186447972, -0.089605205, -0.19130553, 0.93752104, 0.96102685, -0.20539999, 0.91529995, -1.3583, 1.6507398, -0.8634, 3.6121, 9.076099, 9.806544, 5.0, 28.0, -12.0, 22.125, -37.9375, 45.52768
186447992, -0.15310028, -0.007452556, 0.86151195, 0.8750417, 0.1893, 0.6798, -1.1558, 1.354192, -0.8268, 3.612, 9.079599, 9.806593, 5.0, 28.0, -12.6875, 22.0625, -38.25, 45.943325
186448012, -0.15449655, 0.11704178, 0.7621853, 0.7864441, 0.4579, 0.3047, -1.1459, 1.2710631, -0.77169997, 3.5997, 9.0893, 9.806566, 5.0, 28.0, -13.375, 21.9375, -38.4375, 46.234035
186448032, -0.10473721, 0.06553711, 0.64334583, 0.6551022, 0.7443, 0.101799995, -1.2077, 1.4222816, -0.6953, 3.5830998, 9.102, 9.806552, 5.0, 28.0, -14.0, 21.875, -38.5, 46.44099
186448052, -0.044034656, 0.029269172, 0.54257053, 0.5451408, 0.8861, -0.1643, -1.0402, 1.3762934, -0.6311, 3.5719, 9.1111, 9.806575, 5.0, 28.0, -14.625, 22.4375, -38.5625, 46.951023
186448072, -0.05794493, 0.014433873, 0.47190213, 0.4756654, 0.7087, -0.2731, -0.77849996, 1.0876127, -0.5911, 3.5709999, 9.1142, 9.806634, 5.0, 28.0, -15.1875, 22.75, -38.6875, 47.380856
186448092, -0.14191271, -0.07119198, 0.42010075, 0.4491015, 0.58989996, -0.38639998, -0.42029998, 0.8209379, -0.5507, 3.5656, 9.1188, 9.806594, 5.0, 28.0, -15.6875, 22.75, -38.75, 47.594357
