50,0,-1,-1, (0)
609782926, -0.28680995, -0.55894166, -0.41095522, 0.75070626, -1.1787, 1.4793, -0.8361, 2.0680244, 8.7886, 4.3427997, -0.2622, 9.806536, 5.0, 3.3, -150.875, 54.375, -17.25, 161.29932
609782946, -0.3223274, -0.64624304, -0.31658527, 0.78851205, -1.1744, 2.0036, -0.6651, 2.4157784, 8.7549, 4.416, -0.1389, 9.8065605, 5.0, 3.3, -153.25, 55.0625, -18.4375, 163.88222
609782966, -0.41603413, -0.748083, -0.2518161, 0.89225775, -0.343, 2.0691, -0.6008, 2.1816928, 8.7277, 4.4716997, 0.0026, 9.806572, 5.0, 3.3, -155.6875, 55.5, -21.0, 166.61287
609782986, -0.51963687, -0.7007846, -0.24125686, 0.9051665, 0.073, 1.916, 0.006, 1.9173995, 8.7038, 4.5148, 0.1705, 9.8065605, 5.0, 3.3, -157.4375, 55.625, -24.5625, 168.77211
609783006, -0.46633452, -0.42682028, -0.15076154, 0.6499019, -0.0486, 1.9846, 0.4646, 2.038836, 8.6784, 4.554, 0.3394, 9.806566, 5.0, 3.3, -159.0, 55.3125, -29.0625, 170.83647
609783026, -0.30052823, -4.1887903E-4, -0.06653195, 0.30780497, 0.56659997, 1.6049, 1.0148, 1.9815545, 8.6613, 4.5762997, 0.4561, 9.806562, 5.0, 3.3, -160.6875, 54.75, -33.5, 173.03261
609783046, -0.155631, 0.15988961, -0.11177088, 0.24955647, 1.7299, 0.46609998, 0.2026, 1.8030114, 8.6553, 4.5849, 0.48369998, 9.806604, 5.0, 3.3, -162.1875, 54.25, -37.6875, 175.12337
609783066, -0.29469883, 0.17283995, -0.285117, 0.44498625, 1.9836999, -0.1731, -0.9019, 2.1859672, 8.6466, 4.6026, 0.47039998, 9.806574, 5.0, 3.3, -164.0625, 54.4375, -42.5, 178.00616
609783086, -0.4794594, 0.52571064, -0.4077787, 0.8200832, 2.3713, 7.0E-4, -1.6643, 2.8970604, 8.6219, 4.6489997, 0.4678, 9.806589, 5.0, 3.3, -166.875, 55.375, -46.625, 181.89983
609783106, -0.7090749, 0.97268945, -0.39749873, 1.2676424, 3.1991, 0.3116, -1.5892999, 3.5856953, 8.5884, 4.7148, 0.42229998, 9.806543, 5.0, 3.3, -170.5, 56.375, -49.25, 186.20943
609783126, -0.7603178, 1.2823282, -0.29297096, 1.5193027, 3.0432, 0.62939996, -0.7249, 3.191033, 8.558, 4.7776, 0.32279998, 9.806581, 5.0, 3.3, -174.375, 57.0625, -51.0625, 190.44724
609783146, -0.52686256, 1.2953136, -0.23338543, 1.417706, 3.4571, -0.0991, 0.3822, 3.4795744, 8.5364, 4.8237, 0.1766, 9.8066, 5.0, 3.3, -178.875, 58.0, -51.9375, 195.084
609783166, -0.25727898, 0.90846133, -0.18200293, 0.9615714, 3.3694, -0.77629995, 0.6698, 3.5219498, 8.5162, 4.8624997, 0.0067999996, 9.806611, 5.0, 3.3, -184.0625, 60.3125, -53.0625, 200.82886
609783186, 0.033702306, 0.5053252, 0.00720821, 0.5064991, 2.4859, -0.87259996, 0.52459997, 2.6863236, 8.497399, 4.8936, -0.122499995, 9.806535, 5.0, 3.3, -189.5625, 63.125, -53.5, 206.83559
609783206, 0.21066125, 0.18250908, 0.1344078, 0.3094401, 1.0845, -0.7858, 0.1529, 1.3479615, 8.4965, 4.8922, -0.21169999, 9.806577, 5.0, 3.3, -195.375, 66.875, -52.8125, 213.14975
609783226, 0.19947368, 0.13077752, 0.26734954, 0.3582852, -0.5262, -0.035, -1.3547, 1.4537275, 8.5088, 4.8682, -0.2633, 9.806547, 5.0, 3.3, -202.4375, 71.8125, -50.6875, 220.69708
609783246, -0.08323475, 0.09562659, 0.5004906, 0.5162977, -1.5615, 0.3496, -1.7642, 2.3817859, 8.5341, 4.8213997, -0.3049, 9.806616, 5.0, 3.3, -211.625, 77.625, -47.375, 230.33708
609783266, -0.22704989, 0.13082989, 0.8094139, 0.85077554, -1.4126999, 0.8527, -0.118099995, 1.6543174, 8.5814, 4.7362, -0.31329998, 9.806639, 5.0, 3.3, -221.9375, 83.0625, -43.5, 240.93129
609783286, -0.11259119, 0.06461209, 1.0144726, 1.0227444, -0.36949998, 1.097, 1.3247, 1.7591957, 8.656099, 4.598, -0.3146, 9.8065605, 5.0, 3.3, -231.5, 87.1875, -40.1875, 250.61713
609783306, 0.13952161, -0.12990485, 0.9948551, 1.0129552, 0.5493, 0.90139997, 1.9926, 2.2549295, 8.7473, 4.422, -0.3157, 9.80658, 5.0, 3.3, -238.6875, 89.625, -37.1875, 257.6573
609783326, 0.35634387, -0.31543335, 0.7177492, 0.861187, 0.8839, 0.77449995, 1.2464, 1.7130798, 8.8344, 4.2461, -0.3049, 9.806577, 5.0, 3.3, -242.625, 91.25, -34.25, 261.4699
609783346, 0.19643681, -0.30373964, 0.35365605, 0.50588316, 0.9396, 0.7039, 0.1219, 1.1803317, 8.896299, 4.1166, -0.27879998, 9.806542, 5.0, 3.3, -243.5625, 92.1875, -30.4375, 262.19775
609783366, -0.04691445, -0.06525786, 0.034697145, 0.08754111, 0.45799997, 0.5123, 0.3682, 0.77960664, 8.9268, 4.0525, -0.24069999, 9.806551, 5.0, 3.3, -242.625, 93.375, -26.125, 261.282
609783386, -0.17683676, 0.25743607, -0.1972222, 0.36937943, -0.42769998, 0.3002, 0.48999998, 0.716343, 8.929999, 4.0464, -0.2252, 9.806578, 5.0, 3.3, -240.125, 94.0625, -21.4375, 258.7805
609783406, -0.3432539, 0.45875978, -0.43893287, 0.72176576, -0.9596, 0.0223, 0.1979, 0.9800479, 8.9128, 4.0822997, -0.25669998, 9.806582, 5.0, 3.3, -235.4375, 94.125, -17.5625, 254.16289
609783426, -0.5747893, 0.42038, -0.67465705, 0.98095065, -1.6661999, -0.4763, 0.0747, 1.7345501, 8.8741, 4.1622, -0.31, 9.806613, 5.0, 3.3, -228.125, 93.25, -16.0, 246.96675
609783446, -0.834599, 0.3615275, -0.8120668, 1.2193072, -1.5967, -0.14739999, -1.2135, 2.0109103, 8.8144, 4.2851, -0.3358, 9.806553, 5.0, 3.3, -219.625, 91.3125, -16.9375, 238.45334
609783466, -1.1144102, 0.13336061, -0.9403485, 1.4642235, -1.1999999, 0.6281, -1.8111999, 2.2616265, 8.7413, 4.4330997, -0.3265, 9.806595, 5.0, 3.3, -212.1875, 89.875, -20.5625, 231.35226
609783486, -1.0705152, 0.11426671, -0.9033999, 1.4054148, -1.5948, 0.3175, 0.7589, 1.79447, 8.6556, 4.6029997, -0.249, 9.80658, 5.0, 3.3, -207.4375, 89.5, -26.8125, 227.5071
609783506, -0.39296088, 0.24741787, -0.62489766, 0.7785441, -2.0393, 0.1343, 1.8256999, 2.7404308, 8.5706, 4.763, -0.16839999, 9.806615, 5.0, 3.3, -205.4375, 89.6875, -33.9375, 226.71605
609783526, 0.16386896, 0.4266283, -0.24539329, 0.5187317, -2.4687, 1.1543, 1.1731, 2.9669936, 8.5096, 4.871, -0.17279999, 9.80662, 5.0, 3.3, -204.875, 89.25, -41.4375, 227.28043
609783546, 0.3956138, 0.33606315, 0.10501646, 0.529601, -2.3546, 1.6659, 1.0066, 3.0549316, 8.4838, 4.9119, -0.2613, 9.806625, 5.0, 3.3, -206.0, 87.9375, -48.4375, 229.16194
609783566, 0.46883035, -0.048834313, 0.31330407, 0.5659913, -1.7353, 1.7042999, 0.5827, 2.5010884, 8.492, 4.8915, -0.35709998, 9.806546, 5.0, 3.3, -207.3125, 85.8125, -56.0625, 231.26881
609783586, 0.44331363, -0.29948103, 0.40095448, 0.6685659, -0.8443, 0.6667, 0.9043, 1.4053788, 8.5229, 4.8346, -0.3944, 9.806565, 5.0, 3.3, -208.0, 82.875, -63.6875, 232.78394
609783606, 0.5332854, -0.38145915, 0.372174, 0.7539349, 0.0659, -0.24859999, 0.9055, 0.9413156, 8.5638, 4.7625, -0.3857, 9.806571, 5.0, 3.3, -207.375, 79.8125, -70.4375, 233.10056
609783626, 0.61948717, -0.3933274, 0.22458896, 0.76740533, 0.979, -0.856, 0.34129998, 1.3444934, 8.602, 4.6944, -0.3707, 9.80659, 5.0, 3.3, -205.3125, 77.0625, -75.375, 231.89058
609783646, 0.4975759, -0.51199234, -0.016720254, 0.7141411, 1.9161999, -1.1053, -0.49229997, 2.2662456, 8.625899, 4.6510997, -0.3608, 9.8065815, 5.0, 3.3, -201.75, 74.6875, -78.5625, 229.02696
609783666, 0.23221606, -0.59027034, -0.2017426, 0.6656151, 2.1299, -1.4491, -0.41669998, 2.6095984, 8.6279, 4.6505, -0.3187, 9.806599, 5.0, 3.3, -197.5625, 72.625, -79.1875, 224.89107
609783686, 0.030682888, -0.5659579, -0.27372, 0.6294223, 1.5668, -1.553, 0.1209, 2.2093637, 8.6124, 4.6839, -0.2386, 9.806594, 5.0, 3.3, -194.0625, 71.125, -77.75, 220.82591
609783706, 0.13315117, -0.36299357, -0.16531758, 0.42050382, 1.3452, -1.5356, 0.7815, 2.1859488, 8.588799, 4.7307997, -0.1441, 9.806564, 5.0, 3.3, -193.0, 70.9375, -74.625, 218.74648
609783726, 0.22844614, -0.09985029, -0.009285152, 0.24948734, 1.8306999, -1.3409, 0.0748, 2.270478, 8.5741, 4.7587, -0.094399996, 9.806596, 5.0, 3.3, -191.75, 70.4375, -70.625, 216.14207
609783746, 0.22235495, 0.18486528, 0.058677968, 0.29505932, 2.0765, -1.5065999, -0.6854, 2.6554601, 8.5734, 4.7598, -0.099, 9.806563, 5.0, 3.3, -189.8125, 69.5, -65.9375, 212.61888
609783766, 0.03827507, 0.23794073, 0.023195425, 0.24211319, 1.0122, -0.9583, -1.221, 1.8530322, 8.5786, 4.749, -0.15179999, 9.80655, 5.0, 3.3, -187.8125, 68.6875, -61.9375, 209.35081
609783786, -0.0077143554, 0.3815988, 0.010751228, 0.38182816, -0.16589999, -0.5212, -1.1568999, 1.2796835, 8.58, 4.7448, -0.1963, 9.806532, 5.0, 3.3, -187.1875, 68.3125, -58.0, 207.53255
609783806, 0.037611846, 0.44064328, 0.07450811, 0.4484781, -0.42999998, 0.124, -0.95489997, 1.0545663, 8.5794, 4.7429, -0.261, 9.806596, 5.0, 3.3, -188.0, 68.5, -54.375, 207.34727
609783826, 0.15934856, 0.36822957, 0.04279547, 0.40350518, 0.2617, 0.2482, -0.59139997, 0.6927078, 8.583799, 4.7297997, -0.34019998, 9.806546, 5.0, 3.3, -189.0, 68.5625, -51.5, 207.54292
609783846, 0.31693435, 0.15210545, -0.15884241, 0.38576466, 1.0645, -0.064399995, -0.2679, 1.0995808, 8.5851, 4.7212, -0.4184, 9.806566, 5.0, 3.3, -188.375, 68.75, -49.3125, 206.50285
609783866, 0.43373176, -0.13740978, -0.4336445, 0.6285318, 0.92389995, -0.118499994, -0.0844, 0.9352843, 8.5688, 4.7455, -0.4745, 9.806592, 5.0, 3.3, -186.0625, 68.9375, -48.125, 204.17554
609783886, 0.39468876, -0.25987953, -0.54833007, 0.72386634, 0.3658, 0.0689, -0.3802, 0.53207976, 8.5287, 4.8153, -0.49249998, 9.806548, 5.0, 3.3, -182.25, 68.3125, -47.375, 200.31488
609783906, 0.34660494, -0.20315632, -0.5451187, 0.67717195, -0.53459996, 0.20719999, 0.055099998, 0.57599044, 8.478, 4.9045997, -0.48659998, 9.806546, 5.0, 3.3, -180.0625, 68.0625, -47.1875, 198.19603
609783926, 0.42193335, -0.08210029, -0.5307197, 0.682958, -1.2673, 0.24689999, 0.4768, 1.3763528, 8.4261, 4.9933, -0.48659998, 9.806579, 5.0, 3.3, -179.9375, 68.75, -47.0625, 198.29005
609783946, 0.56587064, 0.025569074, -0.55623645, 0.79389066, -2.0581, 0.65529996, 0.427, 2.201709, 8.3735, 5.0780997, -0.51519996, 9.80653, 5.0, 3.3, -181.4375, 70.8125, -46.625, 200.26949
609783966, 0.62446135, 0.20724039, -0.51700145, 0.8367742, -2.6578999, 1.0949, -0.0893, 2.8759716, 8.316299, 5.1647, -0.5775, 9.806552, 5.0, 3.3, -183.875, 73.8125, -45.0625, 203.19678
609783986, 0.47593382, 0.36749652, -0.4455651, 0.7483949, -2.6799998, 1.5453999, -0.853, 3.2090917, 8.26, 5.2425, -0.6768, 9.806603, 5.0, 3.3, -187.0, 76.625, -42.0, 206.40831
609784006, 0.15048228, 0.4749739, -0.35224235, 0.61018014, -2.4119, 1.4646, -1.1050999, 3.0304391, 8.2077, 5.3087997, -0.78749996, 9.8066225, 5.0, 3.3, -191.5, 79.875, -38.0, 210.94138
609784026, -0.24441591, 0.59920645, -0.2160194, 0.68224037, -2.1016998, 1.2745, -1.5114, 2.8854501, 8.1622, 5.3638997, -0.8813, 9.806611, 5.0, 3.3, -197.375, 83.25, -34.0625, 216.90483
609784046, -0.7113438, 0.79627156, -0.09307841, 1.0717845, -1.1064, 1.2356, -2.3816, 2.902214, 8.128, 5.4034, -0.9526, 9.806558, 5.0, 3.3, -203.25, 86.125, -29.5625, 222.7151
609784066, -0.88606876, 0.6928259, -0.11503465, 1.1306452, -0.4728, 1.2449, -0.47599998, 1.4141753, 8.1024, 5.4323997, -1.0047, 9.806593, 5.0, 3.3, -207.875, 88.375, -25.875, 227.35803
609784086, -0.52063173, 0.26359707, -0.15891223, 0.604809, -0.0148, 0.8499, 1.1085, 1.3968971, 8.0759, 5.4688997, -1.0202, 9.806622, 5.0, 3.3, -210.75, 90.125, -23.8125, 230.44547
609784106, 0.0127409035, -0.10363765, -0.119083814, 0.15837945, -0.1392, 1.1312, 0.8487, 1.4210143, 8.0532, 5.5049, -1.0056, 9.806589, 5.0, 3.3, -212.875, 91.625, -22.75, 232.87007
609784126, 0.33934435, -0.29063222, -0.015289084, 0.44705194, 0.40129998, 0.68909997, -0.23539999, 0.8314527, 8.0422, 5.5238, -0.9903, 9.806633, 5.0, 3.3, -214.75, 92.625, -21.5625, 234.86569
609784146, 0.2990447, -0.30494392, 0.16584119, 0.45817226, 0.9169, -0.2566, -1.4117, 1.702776, 8.0463, 5.5193996, -0.98099995, 9.806583, 5.0, 3.3, -216.9375, 92.5625, -20.8125, 236.77596
609784166, -5.235988E-5, -0.09847148, 0.38920844, 0.4014721, 1.6281999, -0.3186, -1.8887999, 2.513982, 8.070499, 5.4867997, -0.9648, 9.806568, 5.0, 3.3, -218.5, 90.8125, -20.25, 237.4852
609784186, -0.18373081, 0.17654005, 0.5284333, 0.5866559, 2.0839, -0.3719, -0.983, 2.333932, 8.1149, 5.4237, -0.94879997, 9.806545, 5.0, 3.3, -218.75, 87.6875, -20.0, 236.51778
609784206, -0.1746202, 0.34641296, 0.5271069, 0.65447366, 2.4324, -0.6997, -0.5327, 2.5864878, 8.1685, 5.3410997, -0.9578, 9.806585, 5.0, 3.3, -217.8125, 84.1875, -19.6875, 234.34465
609784226, -0.19120082, 0.27766442, 0.42812926, 0.5449311, 3.5207999, -1.8026999, -0.34739998, 3.9706984, 8.2177, 5.258, -0.99609995, 9.806599, 5.0, 3.3, -216.9375, 81.5, -20.1875, 232.61914
609784246, -0.24413666, 0.197484, 0.39420006, 0.50398046, 3.1776, -1.2026, -0.7923, 3.4887142, 8.2569, 5.1912, -1.0217999, 9.806581, 5.0, 3.3, -215.9375, 79.125, -20.5, 230.88963
609784266, -0.17188002, 0.22661355, 0.3795742, 0.4743132, 3.2782, -0.91969997, -0.5298, 3.445741, 8.2936, 5.1309, -1.0293, 9.8066, 5.0, 3.3, -214.125, 76.375, -19.875, 228.20532
609784286, -0.050265484, 0.041434117, 0.27122417, 0.2789372, 1.9593999, -0.37129998, 0.2061, 2.0048912, 8.3276, 5.0713, -1.0494, 9.8065405, 5.0, 3.3, -211.5625, 74.0625, -19.375, 224.98741
609784306, 0.096918136, -0.011170107, 0.37732273, 0.3897311, -0.0578, 0.8788, 0.3256, 0.93895984, 8.354199, 5.027, -1.0512999, 9.80656, 5.0, 3.3, -208.3125, 71.25, -19.125, 220.98965
609784326, 0.09920452, -0.089116514, 0.64346796, 0.65714103, -0.4488, 1.0389999, 1.0296999, 1.530106, 8.3921995, 4.9617, -1.0591, 9.806588, 5.0, 3.3, -206.0625, 68.25, -19.75, 217.9676
609784346, -0.0027750735, -0.15650368, 0.8920552, 0.90568405, 0.19209999, 1.1147, 1.2499, 1.6857368, 8.4573, 4.851, -1.0538, 9.8065605, 5.0, 3.3, -205.25, 65.6875, -21.1875, 216.54404
609784366, -0.058904864, -0.3035651, 0.9133133, 0.9642421, 0.59389997, 1.0316, 1.6448, 2.0303404, 8.5458, 4.6993, -1.0268999, 9.806561, 5.0, 3.3, -205.0625, 63.625, -22.375, 215.86897
609784386, -0.015271631, -0.434203, 0.672615, 0.80073494, 0.3857, 0.4639, 1.2732999, 1.4089926, 8.6363, 4.5434, -0.9693, 9.806514, 5.0, 3.3, -205.3125, 62.875, -23.625, 216.01997
609784406, -0.03837979, -0.29825932, 0.34238124, 0.45569348, -0.0652, -0.0251, 0.3827, 0.38902485, 8.7048, 4.427, -0.89269996, 9.806568, 5.0, 3.3, -205.4375, 63.75, -23.75, 216.40862
609784426, -0.14585717, 0.029688051, 0.019320795, 0.1500966, -0.4339, -0.3001, -0.035499997, 0.5287622, 8.7402, 4.3677998, -0.8372, 9.806614, 5.0, 3.3, -206.125, 66.5625, -22.375, 217.7584
609784446, -0.30976105, 0.42219514, -0.1842195, 0.55510134, -1.0627999, -0.24229999, -0.31759998, 1.1353954, 8.7414, 4.3666997, -0.8297, 9.806556, 5.0, 3.3, -208.0625, 70.9375, -20.0625, 220.73657
609784466, -0.45170867, 0.827129, -0.2486396, 0.97468185, -1.5494, 0.0106999995, -0.114199996, 1.5536398, 8.7181, 4.4041, -0.87619996, 9.806583, 5.0, 3.3, -209.8125, 75.3125, -16.3125, 223.5159
609784486, -0.48996627, 0.99591976, -0.25834364, 1.1395897, -1.7867, 0.3663, 0.0387, 1.8242725, 8.6807995, 4.4556, -0.9801, 9.806592, 5.0, 3.3, -210.6875, 78.75, -12.4375, 225.26756
609784506, -0.44015458, 0.9582381, -0.23315853, 1.0799626, -1.8407999, 0.6173, 0.1182, 1.9451413, 8.6369, 4.5105, -1.1086999, 9.806623, 5.0, 3.3, -208.25, 79.9375, -8.75, 223.23671
609784526, -0.3123965, 0.79604465, -0.13261011, 0.8653693, -1.7777, 0.8344, 0.5572, 2.0413017, 8.5933, 4.5608997, -1.2337999, 9.806573, 5.0, 3.3, -203.5625, 78.375, -6.5, 218.22598
609784546, -0.07920304, 0.5252045, -0.016074482, 0.53138614, -1.8138, 1.2573, 0.9005, 2.3836052, 8.560699, 4.5916, -1.3418, 9.806569, 5.0, 3.3, -198.625, 75.125, -5.9375, 212.44037
609784566, 0.11836823, 0.264749, 0.050562188, 0.29438004, -1.5624, 1.4877, 0.6202, 2.24477, 8.5448, 4.5964, -1.4244, 9.806601, 5.0, 3.3, -193.3125, 70.875, -6.25, 205.99042
609784586, 0.18685494, -0.018273598, 0.0011693706, 0.18775, -1.0201, 1.1225, 0.6665, 1.6567535, 8.5418, 4.5842, -1.4805, 9.806585, 5.0, 3.3, -188.0, 66.5625, -7.9375, 199.5935
609784606, 0.23891813, -0.1937141, -0.042289328, 0.3104761, -1.1679, 0.6655, 0.87659997, 1.6047766, 8.5425, 4.5783997, -1.4944999, 9.806608, 5.0, 3.3, -182.625, 62.25, -10.625, 193.2352
609784626, 0.22495548, -0.21783455, 0.0038397242, 0.31316385, -1.0816, 0.2929, 0.63989997, 1.2903956, 8.5444, 4.5783997, -1.4832, 9.806549, 5.0, 3.3, -177.5625, 58.1875, -12.75, 187.28798
609784646, 0.14840534, -0.17111208, 0.056985, 0.23356108, -0.6471, -0.028299998, 0.4565, 0.7924213, 8.5513, 4.571, -1.4666, 9.806615, 5.0, 3.3, -173.625, 54.4375, -14.125, 182.50644
609784666, 0.07691666, -0.15723671, 0.040561453, 0.17967968, 0.4899, -0.8172, 0.225, 0.9790009, 8.5615, 4.5568, -1.4508, 9.806555, 5.0, 3.3, -170.4375, 51.75, -14.5625, 178.71506
609784686, 0.004642576, -0.17373008, -0.022235494, 0.17520876, 1.0993999, -1.2285, -0.0106, 1.6486373, 8.569799, 4.5474997, -1.4309, 9.806563, 5.0, 3.3, -168.25, 50.125, -14.875, 176.18695
609784706, -0.01743584, -0.14088298, -0.022916174, 0.1437956, 1.2044, -1.1563, -7.0E-4, 1.6696135, 8.5728, 4.5511, -1.4015, 9.80661, 5.0, 3.3, -167.0, 49.1875, -14.375, 174.68558
609784726, 0.056007616, -0.15666075, -3.8397242E-4, 0.16637185, 1.2416999, -1.2893, 0.3265, 1.8195372, 8.5746, 4.5554, -1.3758, 9.806541, 5.0, 3.3, -166.4375, 48.6875, -13.375, 173.92758
609784746, 0.22677062, -0.258204, 0.033004176, 0.34522963, 1.0805, -1.5555999, 0.6969, 2.0181777, 8.578899, 4.5538, -1.354, 9.806524, 5.0, 3.3, -166.75, 48.9375, -12.6875, 174.24527
609784766, 0.3689975, -0.31949997, 0.07808603, 0.4943044, 1.9531, -1.4008, -0.4446, 2.4442809, 8.5889, 4.542, -1.3303, 9.806561, 5.0, 3.3, -168.0625, 49.5, -12.0, 175.61108
609784786, 0.3318569, -0.14222687, 0.14104006, 0.3876207, 2.5651999, -1.3945999, -0.8976, 3.0546432, 8.6045, 4.5187, -1.3088, 9.806581, 5.0, 3.3, -168.75, 49.75, -10.8125, 176.2627
609784806, 0.22567107, 5.410521E-4, 0.358351, 0.42348927, 2.2349, -0.8982, -1.0099, 2.6117885, 8.620999, 4.4856, -1.3141999, 9.806598, 5.0, 3.3, -168.5, 48.5, -9.75, 175.61197
609784826, 0.014014994, 0.06518805, 0.60428536, 0.6079529, 1.9185, -0.24039999, -1.176, 2.2630532, 8.6529, 4.4175997, -1.3343999, 9.806553, 5.0, 3.2588234, -167.1875, 45.9375, -9.25, 173.63028
609784846, -0.10562733, 0.026267204, 0.8202175, 0.8274079, 1.3575, 0.1346, -0.3495, 1.4082165, 8.7039995, 4.3122997, -1.3469, 9.806614, 5.0, 3.2176468, -165.5, 42.375, -9.125, 171.0823
609784866, -0.07061602, -0.06265732, 0.930435, 0.9352122, 0.86689997, 0.7295, 0.0088, 1.1330328, 8.7729, 4.1716, -1.3425, 9.806544, 5.0, 3.1764703, -163.9375, 38.5, -9.3125, 168.6549
609784886, 0.04145157, -0.20612338, 0.83520985, 0.86126685, 0.5733, 0.2829, 0.2862, 0.7004397, 8.8508, 4.0094, -1.3256999, 9.806601, 5.0, 3.1352937, -162.0, 34.9375, -9.625, 166.00383
609784906, 0.27200955, -0.5222549, 0.5469338, 0.8036641, -0.243, -0.48439997, 0.75299996, 0.92773986, 8.9219, 3.8597999, -1.2924, 9.806561, 5.0, 3.0941172, -159.6875, 33.25, -10.6875, 163.46217
609784926, 0.5152212, -0.70567155, 0.20392427, 0.89722365, -1.3962, -0.90309995, 0.23889999, 1.679892, 8.9767, 3.7549999, -1.2196, 9.806559, 5.0, 3.0529406, -157.375, 32.75, -12.0, 161.19383
609784946, 0.56599283, -0.6851814, -0.055466563, 0.89044815, -2.1832, -0.9912, -0.5065, 2.450588, 9.0086, 3.7061, -1.1310999, 9.806602, 5.0, 3.011764, -155.3125, 33.8125, -12.9375, 159.47614
609784966, 0.45074874, -0.48251373, -0.18767525, 0.6864517, -2.6059, -0.5622, -0.6469, 2.7432213, 9.0195, 3.7036, -1.0496, 9.806615, 5.0, 2.9705875, -155.0625, 36.25, -12.9375, 159.76802
609784986, 0.38522908, -0.30736995, -0.3064798, 0.5803513, -2.445, -0.0277, -0.1414, 2.4492419, 9.0154, 3.7280998, -0.996, 9.806538, 5.0, 2.929411, -156.0625, 39.75, -11.8125, 161.47786
609785006, 0.39486328, -0.35845572, -0.4476246, 0.69625807, -2.0946, 0.3728, 0.1556, 2.1331995, 8.9985, 3.7756999, -0.96959996, 9.8065815, 5.0, 2.8882344, -158.0, 43.8125, -10.5625, 164.30186
609785026, 0.3384717, -0.42062435, -0.50989795, 0.7426196, -2.0084999, 0.7594, -0.0747, 2.148567, 8.9713, 3.8485, -0.9353, 9.806628, 5.0, 2.8470578, -159.625, 47.5, -9.4375, 166.80965
609785046, 0.1532399, -0.34199727, -0.4542394, 0.58887863, -1.8295, 1.1092, -0.3983, 2.176244, 8.9393, 3.9334998, -0.88629997, 9.806581, 5.0, 2.8058813, -160.375, 50.375, -8.75, 168.32808
609785066, -0.07243116, -0.16502088, -0.3834663, 0.4237034, -1.1815, 1.0012, -0.37849998, 1.5942414, 8.9091, 4.0118, -0.83739996, 9.8065195, 5.0, 2.7647047, -160.75, 52.125, -8.75, 169.21625
609785086, -0.2462136, -0.033859387, -0.31977922, 0.40500167, -0.98649997, 0.8057, -0.0116, 1.2737619, 8.880899, 4.0811, -0.8023, 9.806602, 5.0, 2.7235281, -160.0625, 52.5, -9.8125, 168.73808
609785106, -0.39271653, 0.2831622, -0.06791076, 0.48889568, -1.4021, 0.8662, -0.538, 1.7336755, 8.8552, 4.1416, -0.77599996, 9.806609, 5.0, 2.6823516, -158.375, 51.5625, -11.25, 166.9368
609785126, -0.56688297, 0.688672, 0.32731906, 0.9501385, -0.6174, 0.87439996, -0.9127, 1.406691, 8.845099, 4.1597, -0.79359996, 9.806563, 5.0, 2.641175, -155.375, 48.0, -12.75, 163.11945
609785146, -0.66994464, 0.5598667, 0.46437976, 0.98890096, 0.53389996, 0.66889995, 0.1626, 0.87115735, 8.8608, 4.111, -0.86869997, 9.806566, 5.0, 2.6000001, -150.5, 42.625, -15.5, 157.18585
609785166, -0.3666413, 0.13433799, 0.4367163, 0.58582735, 0.79029995, 0.78459996, 1.6293, 1.9735222, 8.8888, 4.0404, -0.91349995, 9.806634, 5.0, 2.6000001, -144.5, 36.3125, -20.125, 150.34581
609785186, 0.06766641, -0.06211627, 0.42223006, 0.43210578, 0.944, 0.95849997, 1.3101, 1.8778232, 8.9213, 3.9691, -0.90809995, 9.806528, 5.0, 2.6000001, -138.3125, 30.5, -25.0, 143.82489
609785206, 0.27878144, -0.050108403, 0.39023817, 0.4821989, 1.5274999, 0.6561, 0.25509998, 1.6819035, 8.9557, 3.8923, -0.9023, 9.806564, 5.0, 2.6000001, -132.75, 25.5, -30.0625, 138.47948
609785226, 0.24582963, 0.05852089, 0.3199712, 0.40772352, 1.8495, 0.6985, -0.7326, 2.1083772, 8.9868, 3.817, -0.9149, 9.806585, 5.0, 2.6000001, -128.375, 21.8125, -34.75, 134.77199
609785246, 0.16153023, 0.1860521, 0.25857052, 0.357164, 1.8066, 0.48909998, -0.5955, 1.9640882, 9.01, 3.7547, -0.94409996, 9.80659, 5.0, 2.6000001, -125.1875, 19.4375, -38.5625, 132.42656
609785266, 0.11416198, 0.30147073, 0.19622737, 0.37738937, 1.6927999, 0.2038, -0.6087, 1.8104203, 9.0257, 3.7048, -0.98969996, 9.806543, 5.0, 2.6000001, -123.5625, 18.375, -41.1875, 131.53609
609785286, 0.09276425, 0.33341023, 0.121213116, 0.36668816, 1.5274999, -0.3048, -0.5751, 1.6603912, 9.0341, 3.6668, -1.0526999, 9.806557, 5.0, 2.6000001, -123.5, 18.375, -42.625, 131.93477
609785306, 0.00577704, 0.28119, 0.14350097, 0.31574312, 2.0554, -0.7015, -0.6846, 2.277158, 9.0358, 3.6427, -1.1198, 9.806574, 5.0, 2.6000001, -125.0, 19.3125, -42.625, 133.47234
609785326, -0.035587262, 0.22406536, 0.20455259, 0.30547258, 2.2573, -0.45319998, -0.86859995, 2.4607437, 9.0398, 3.6165, -1.1711, 9.806555, 5.0, 2.6000001, -127.125, 20.5, -41.3125, 135.23216
609785346, -0.068765976, 0.10489429, 0.18249163, 0.22143795, 2.1498, -0.4895, -0.98749995, 2.4158657, 9.0493, 3.5800998, -1.2091, 9.806573, 5.0, 2.6000001, -128.9375, 21.875, -39.1875, 136.52492
609785366, -0.15570082, -0.04166101, 0.11904891, 0.20037721, 0.98209995, 0.1555, -0.99289995, 1.4051871, 9.0598, 3.5486, -1.2233, 9.80658, 5.0, 2.6000001, -129.75, 23.3125, -37.25, 136.98941
609785386, -0.34180528, -0.03960152, 0.23228587, 0.41515762, -0.312, 0.7161, -0.727, 1.0670859, 9.0693, 3.5305998, -1.2048, 9.806573, 5.0, 2.6000001, -130.25, 24.4375, -34.5625, 136.95554
609785406, -0.55943036, 0.02422517, 0.51523864, 0.7609337, -0.5451, 1.1329, 0.144, 1.2654376, 9.086599, 3.4963, -1.1737, 9.806527, 5.0, 2.6000001, -131.375, 24.8125, -32.375, 137.56158
609785426, -0.683628, -0.05534439, 0.740805, 1.0095555, 0.067, 1.0519, 1.1689, 1.5739472, 9.121799, 3.4153, -1.1395, 9.806628, 5.0, 2.6000001, -131.9375, 24.0, -30.25, 137.47206
609785446, -0.6315299, -0.26200882, 0.7284306, 0.9990445, 0.2611, 1.0784, 1.8484999, 2.1559386, 9.1728, 3.2947, -1.0835999, 9.806604, 5.0, 2.6000001, -131.3125, 22.125, -28.5, 136.17906
609785466, -0.44505897, -0.41943753, 0.51565754, 0.7999425, 0.3066, 0.82, 2.0145, 2.1965003, 9.2254, 3.1736, -0.9946, 9.806578, 5.0, 2.6000001, -129.25, 20.375, -27.6875, 133.74341
609785486, -0.28106782, -0.46261698, 0.17093755, 0.5676559, 0.3252, 0.26209998, 1.6444, 1.6966151, 9.2656, 3.0864, -0.8893, 9.806532, 5.0, 2.6000001, -125.75, 18.6875, -27.25, 130.01865
609785506, -0.20446531, -0.29558897, -0.21059142, 0.4165665, -0.154, -2.9999999E-4, 0.6882, 0.70522004, 9.283999, 3.0591998, -0.7862, 9.8066025, 5.0, 2.6000001, -122.4375, 17.8125, -27.125, 126.66488
609785526, -0.25963518, 0.011117747, -0.63402575, 0.68521726, -0.7927, -0.51739997, -0.0361, 0.94730103, 9.275499, 3.1011999, -0.71889997, 9.806587, 5.0, 2.6000001, -120.25, 18.125, -26.8125, 124.52907
609785546, -0.48356092, 0.31943017, -0.9431934, 1.1070143, -1.6744, -0.82799995, -0.6781, 1.9872139, 9.2353, 3.2221, -0.7046, 9.806587, 5.0, 2.6000001, -119.125, 19.4375, -26.3125, 123.53513
609785566, -0.9041853, 0.7300363, -0.859819, 1.4456116, -2.5586, -0.1867, -1.2689999, 2.862106, 9.1683, 3.4024, -0.73139995, 9.806579, 5.0, 2.6000001, -118.5625, 20.75, -26.3125, 123.20705
609785586, -1.3280385, 1.1650771, -0.46071455, 1.825746, -2.5953999, 0.76839995, -0.5416, 2.760411, 9.097199, 3.5730999, -0.80179995, 9.806578, 5.0, 2.6000001, -117.0, 20.5, -25.75, 121.541405
609785606, -1.3433101, 1.1570486, -0.13095206, 1.7777492, -1.4044, 0.8354, 1.6328, 2.3100364, 9.043799, 3.6794, -0.9169, 9.80658, 5.0, 2.6000001, -114.9375, 18.8125, -25.875, 119.30656
609785626, -0.87971574, 0.6862809, 0.046076693, 1.1166935, -0.78389996, 0.95369995, 3.0368, 3.278139, 9.0117, 3.7289, -1.0264, 9.806576, 5.0, 2.6000001, -112.125, 16.375, -26.9375, 116.47225
609785646, -0.31625366, 0.11395255, 0.049968775, 0.3398506, -0.4689, 0.77739996, 2.6731, 2.8230624, 9.0007, 3.7389998, -1.0843999, 9.806561, 5.0, 2.6000001, -109.0625, 13.9375, -28.375, 113.55186
609785666, 0.054471727, -0.27157325, -0.06496116, 0.28449807, -0.42119998, 0.75549996, 1.5227, 1.7512295, 9.002, 3.7366998, -1.0813999, 9.806546, 5.0, 2.6000001, -105.6875, 11.9375, -30.4375, 110.62908
609785686, 0.15514232, -0.3677234, -0.19956094, 0.44622216, -0.43199998, 0.2952, 0.5169, 0.7354948, 9.002999, 3.7470999, -1.0366, 9.806595, 5.0, 2.6000001, -102.8125, 10.3125, -32.375, 108.28157
609785706, 0.009738937, -0.23375195, -0.2957286, 0.3770812, -0.45389998, 0.2101, -0.067, 0.50463474, 8.9955, 3.7796998, -0.98219997, 9.806623, 5.0, 2.6000001, -100.4375, 9.125, -34.0625, 106.44816
609785726, -0.22514747, -0.017645279, -0.3586477, 0.42382887, -0.0338, 0.1158, 0.12709999, 0.17523266, 8.9775, 3.8325, -0.941, 9.8065815, 5.0, 2.6000001, -98.5, 7.8125, -35.375, 104.95083
609785746, -0.35194564, 0.106482536, -0.43114868, 0.5666511, 0.57199997, 0.085999995, 0.71459997, 0.9193656, 8.9502, 3.9008, -0.9205, 9.806612, 5.0, 2.6000001, -96.9375, 6.4375, -35.9375, 103.58486
609785766, -0.2880666, 0.101543255, -0.5434781, 0.62342745, 1.2943, -0.2915, 1.1079999, 1.7285393, 8.9143, 3.9840999, -0.9119, 9.806598, 5.0, 2.6000001, -96.3125, 5.5, -35.375, 102.750854
609785786, -0.101229094, 0.02300344, -0.6786364, 0.6865303, 1.9774, -0.9841, 1.3185999, 2.5724053, 8.8687, 4.0857997, -0.90669996, 9.806615, 5.0, 2.6000001, -96.75, 5.8125, -34.4375, 102.860535
609785806, 0.19032815, -0.08436921, -0.8461356, 0.87137157, 2.3281999, -1.6176, 1.3438, 3.1373465, 8.811999, 4.2075, -0.9025, 9.806574, 5.0, 2.6000001, -99.0625, 8.0, -34.4375, 105.18232
609785826, 0.49028045, -0.0993965, -0.86835366, 1.002144, 2.3892999, -1.5511, 0.3549, 2.870648, 8.7411995, 4.3524, -0.904, 9.806588, 5.0, 2.6000001, -103.0625, 11.8125, -35.0, 109.48248
609785846, 0.49199086, -0.015882496, -0.81768674, 0.9544207, 2.8465998, -1.7425, -1.2076, 3.5493288, 8.6663, 4.4944, -0.9302, 9.806613, 5.0, 2.647059, -108.625, 16.75, -34.625, 115.233864
609785866, 0.20561723, 0.05736897, -0.73485345, 0.7652315, 2.6266, -1.7874, -1.9891, 3.748379, 8.5921, 4.626, -0.97239995, 9.806611, 5.0, 2.6941178, -114.6875, 22.1875, -33.8125, 121.609184
609785886, -0.13016665, 0.06970845, -0.68502426, 0.7007573, 1.4021, -1.3815, -1.8129, 2.6760106, 8.5220995, 4.7476, -1.0015, 9.806574, 5.0, 2.7411766, -121.5625, 28.625, -32.9375, 129.1577
609785906, -0.26316074, 0.18760544, -0.5066691, 0.60096836, -0.83519995, -0.8508, -1.4408, 1.8701134, 8.4549, 4.8664, -1.0009, 9.806579, 5.0, 2.7882354, -130.875, 36.9375, -31.6875, 139.63074
609785926, -0.25965264, 0.25556856, -0.16079718, 0.39823425, -2.2526999, -0.5053, -1.1015999, 2.558028, 8.4015, 4.9568996, -1.0067999, 9.806615, 5.0, 2.8352942, -145.5625, 48.5, -30.625, 156.45633
609785946, -0.17214182, 0.0131946895, 0.106150925, 0.2026695, -2.3983, -0.33589998, -0.6235, 2.5006847, 8.3803, 4.9891, -1.0239, 9.806575, 5.0, 2.882353, -164.8125, 63.875, -29.0625, 179.13069
609785966, 0.020839231, -0.4083896, 0.18390535, 0.44837207, -1.9476999, -0.3012, -0.22649999, 1.9838243, 8.390699, 4.9746, -1.009, 9.806557, 5.0, 2.929412, -184.5, 79.25, -27.1875, 202.6326
609785986, 0.31028464, -0.6965085, 0.16751671, 0.78068084, -1.6406, -0.0189, 0.0011, 1.6407092, 8.417, 4.9432, -0.9425, 9.806601, 5.0, 2.9764707, -202.0625, 93.1875, -25.1875, 223.93654
609786006, 0.5092522, -0.92230177, 0.085730575, 1.0570374, -1.1008999, -0.013599999, 0.0515, 1.1021878, 8.4461, 4.9093, -0.85569996, 9.806633, 5.0, 3.0235295, -215.8125, 103.9375, -23.1875, 240.65681
609786026, 0.5579818, -1.0845301, -0.069690995, 1.2216407, -0.4965, -0.095199995, -0.24069999, 0.5599212, 8.469299, 4.8865, -0.7496, 9.80657, 5.0, 3.0705884, -225.375, 111.9375, -23.25, 252.71419
609786046, 0.5161288, -1.0471277, -0.24724334, 1.1933125, -0.2987, -0.3363, -0.35029998, 0.57011354, 8.4774, 4.8905, -0.6204, 9.806539, 5.0, 3.1176472, -230.9375, 118.125, -24.6875, 260.56693
609786066, 0.50352746, -0.83999205, -0.4002738, 1.0579914, -0.62939996, -0.035499997, -0.33969998, 0.716101, 8.4649, 4.9265, -0.49379998, 9.806568, 5.0, 3.164706, -233.0, 122.125, -26.3125, 264.37827
609786086, 0.47225118, -0.5664466, -0.49017572, 0.88552535, -1.1464, 0.5864, -0.4218, 1.3549956, 8.432799, 4.9895997, -0.40179998, 9.806613, 5.0, 3.2117648, -230.9375, 123.4375, -26.625, 263.20682
609786106, 0.39111084, -0.4087212, -0.52057934, 0.7687806, -1.6703, 1.2339, -0.4303, 2.1207473, 8.3878, 5.0683, -0.3541, 9.8065405, 5.0, 3.2588236, -223.1875, 120.3125, -26.0, 254.87988
609786126, 0.308836, -0.31817353, -0.51934016, 0.6828823, -1.816, 1.4750999, -0.19389999, 2.3476315, 8.3375, 5.1526, -0.3258, 9.806596, 5.0, 3.3058825, -210.3125, 112.0, -26.4375, 239.73796
609786146, 0.35344663, -0.26892033, -0.51038665, 0.6765628, -1.7936, 1.6379, 0.31489998, 2.449261, 8.2856, 5.2369, -0.3051, 9.806599, 5.0, 3.3529413, -196.375, 103.125, -28.625, 223.64548
609786166, 0.48736575, -0.2868972, -0.55403733, 0.79170245, -1.3686999, 1.4258, 0.0823, 1.978135, 8.233399, 5.319, -0.29799998, 9.806602, 5.0, 3.4, -182.8125, 95.25, -31.5625, 208.54056
609786186, 0.5748416, -0.34526104, -0.6273062, 0.9182381, -0.89919996, 1.092, -0.3046, 1.4469988, 8.1757, 5.4069, -0.3033, 9.8065605, 5.0, 3.4411767, -170.6875, 89.375, -34.875, 195.80188
609786206, 0.52920127, -0.37887606, -0.6834011, 0.94373626, -0.676, 0.7884, -0.6315, 1.21546, 8.1095, 5.5053997, -0.3098, 9.8066, 5.0, 3.4823532, -160.5, 85.625, -38.125, 185.86395
609786226, 0.33176965, -0.2657613, -0.67830473, 0.80049825, -0.6515, 0.8562, -1.0260999, 1.4867454, 8.0359, 5.6124, -0.3075, 9.806594, 5.0, 3.5235298, -152.5625, 83.1875, -40.8125, 178.49689
609786246, 0.07016224, 0.12610003, -0.56456167, 0.5827125, -0.2135, 0.71739995, -1.3349, 1.5304258, 7.9607, 5.7188, -0.30269998, 9.8065815, 5.0, 3.5647063, -146.25, 80.8125, -41.875, 172.25922
609786266, -0.2209936, 0.47780132, -0.45174357, 0.69368905, 0.8329, 0.44349998, -1.3754, 1.6679747, 7.8949, 5.8076997, -0.3308, 9.806541, 5.0, 3.605883, -141.0, 77.25, -41.5625, 166.06024
609786286, -0.59674555, 0.6659827, -0.43826962, 0.9958506, 2.1345, 0.35909998, -1.7967, 2.8130364, 7.8388, 5.8803, -0.3802, 9.806593, 5.0, 3.6470594, -135.4375, 71.875, -40.1875, 158.50668
609786306, -0.78555524, 0.7295651, -0.48527133, 1.1767967, 3.4468, 0.0105, -1.1847, 3.6447296, 7.7816997, 5.9533997, -0.41369998, 9.806578, 5.0, 3.688236, -129.6875, 65.4375, -38.0, 150.14964
609786326, -0.69942325, 0.6988473, -0.54209924, 1.1275868, 3.6385999, -0.2312, -0.6558, 3.7044482, 7.7173996, 6.0351, -0.43269998, 9.806524, 5.0, 3.7294126, -123.75, 58.3125, -34.875, 141.17604
609786346, -0.40427062, 0.5087635, -0.4699997, 0.80198175, 2.4161, -0.3281, -0.044999998, 2.4386911, 7.6453996, 6.1245, -0.45499998, 9.806562, 5.0, 3.770589, -118.6875, 51.125, -31.8125, 133.08841
609786366, 0.030944688, 0.09313077, -0.3472507, 0.3608517, 2.8023999, -1.3512, 0.6102, 3.170415, 7.5828, 6.1998, -0.48279998, 9.806603, 5.0, 3.8117657, -114.9375, 45.0, -29.375, 126.879944
609786386, 0.4163832, -0.5030562, -0.21485002, 0.6874599, 2.2679, -1.407, 0.5007, 2.7154593, 7.5386996, 6.2518997, -0.5007, 9.806577, 5.0, 3.8529422, -111.6875, 39.75, -28.4375, 121.91329
609786406, 0.6019117, -0.93205816, -0.0036477381, 1.109524, 1.2502999, -0.5747, -0.366, 1.4238982, 7.5168, 6.2801, -0.4772, 9.806613, 5.0, 3.8941188, -109.625, 35.25, -28.0625, 118.523026
609786426, 0.56927407, -1.2994325, 0.19268435, 1.431686, 0.6441, -0.4619, -0.0383, 0.7935259, 7.5246997, 6.2752, -0.4127, 9.806608, 5.0, 3.9352953, -108.75, 31.9375, -28.75, 116.93215
609786446, 0.56347954, -1.6831431, 0.49094367, 1.8416041, -1.1837, 1.0346999, 0.7195, 1.7289968, 7.5579996, 6.2419996, -0.288, 9.806572, 5.0, 3.976472, -108.9375, 30.0, -30.4375, 117.0206
609786466, 0.6453878, -1.7873393, 0.82053167, 2.0698743, -1.6827999, 1.3697, 1.1123999, 2.4383042, 7.6256, 6.1650996, -0.102299996, 9.806563, 5.0, 4.017648, -110.375, 29.625, -33.0, 118.95075
609786486, 0.7007497, -1.6475734, 0.9794613, 2.0408068, -0.92999995, 0.3707, 1.162, 1.5338064, 7.726, 6.039, 0.0932, 9.806594, 5.0, 4.0588245, -112.625, 30.875, -35.375, 122.02068
609786506, 0.61856216, -1.3828592, 0.9772273, 1.8027457, -0.0211, -0.1126, 0.61649996, 0.62705356, 7.837, 5.8889, 0.266, 9.806552, 5.0, 4.1, -115.1875, 32.875, -37.1875, 125.42661
609786526, 0.3821224, -1.2203517, 0.6224193, 1.4222101, 0.6982, -0.19409999, 0.3427, 0.8016242, 7.9413, 5.7388, 0.4123, 9.806532, 5.0, 4.1, -116.5625, 35.625, -38.0, 127.67129
609786546, 0.17598155, -0.87269956, 0.067875855, 0.89285004, 0.9726, -0.4761, 0.1034, 1.0878022, 8.0004, 5.6432, 0.5633, 9.806601, 5.0, 4.1, -116.5, 38.8125, -37.625, 128.43015
609786566, -0.10454522, -0.2693392, -0.46369907, 0.5463425, 1.0444, -0.377, -0.57519996, 1.250502, 7.9972, 5.6344, 0.6831, 9.806543, 5.0, 4.1, -116.125, 42.8125, -36.0, 128.89502
609786586, -0.5356241, 0.4778188, -0.84739226, 1.1105304, 0.5614, 0.1463, -0.86539996, 1.0418688, 7.9409, 5.7067, 0.73789996, 9.80657, 5.0, 4.1, -114.8125, 47.75, -34.0, 128.91072
609786606, -0.88233376, 1.1042873, -1.042939, 1.7566117, -0.044099998, 0.6645, -0.32209998, 0.7397658, 7.8501997, 5.8325996, 0.7242, 9.806596, 5.0, 4.1, -112.75, 53.3125, -32.3125, 128.83665
609786626, -1.0276499, 1.4049551, -1.1490375, 2.0857253, -0.299, 0.9325, 0.4224, 1.0664797, 7.7423, 5.9828997, 0.6563, 9.806581, 5.0, 4.1, -109.875, 58.6875, -31.625, 128.518
609786646, -0.91891587, 1.4121808, -1.1666653, 2.0493338, -1.0399, 0.99829996, 1.4158, 2.020516, 7.6201997, 6.1468, 0.5651, 9.806627, 5.0, 4.1, -106.0625, 63.3125, -32.5625, 127.742096
609786666, -0.5133188, 1.2590456, -1.0040705, 1.6902218, -2.0762, 1.469, 2.0932999, 3.2940054, 7.4894, 6.3135, 0.46609998, 9.806561, 5.0, 4.1, -102.5, 67.3125, -35.4375, 127.64419
609786686, -0.009075712, 1.0345439, -0.72064644, 1.260831, -2.3407, 1.6237999, 2.0481, 3.508606, 7.3715, 6.4584, 0.3446, 9.806563, 5.0, 4.1, -100.125, 70.8125, -39.375, 128.80147
609786706, 0.34341097, 0.6556853, -0.4102571, 0.84626544, -2.0956, 1.2291, 1.6592, 2.941967, 7.2833, 6.5639, 0.19409999, 9.806575, 5.0, 4.1, -99.3125, 74.375, -44.375, 131.77159
609786726, 0.53625244, 0.2506991, -0.11218976, 0.6024975, -2.1118, 1.4365, 1.1819, 2.8142705, 7.2309, 6.6242, 0.0537, 9.80657, 5.0, 4.1, -99.625, 78.3125, -50.75, 136.50476
609786746, 0.63248986, -0.062029, 0.074543014, 0.639881, -1.3517, 1.0015, 1.0637, 1.9903649, 7.2160997, 6.6403, -0.0536, 9.806557, 5.0, 4.1, -100.4375, 81.875, -57.0, 141.56343
609786766, 0.60074234, -0.33810517, 0.12693779, 0.700942, -0.5675, 0.3913, 0.9425, 1.1676806, 7.2261996, 6.6282997, -0.1286, 9.806572, 5.0, 4.1, -100.625, 84.625, -62.5, 145.57826
609786786, 0.5032308, -0.3991917, 0.13480923, 0.6563298, -0.2716, 0.1259, 0.7475, 0.8052165, 7.2440996, 6.6081, -0.1591, 9.806594, 5.0, 4.1, -99.8125, 86.0, -66.625, 147.63951
609786806, 0.38048178, -0.3450167, 0.060894538, 0.5172147, 0.4937, -0.8269, 0.6285, 1.1500068, 7.2633, 6.5867996, -0.16759999, 9.806607, 5.0, 4.1, -97.625, 86.9375, -69.875, 148.22714
609786826, 0.25068164, -0.24616124, -0.08883726, 0.36239302, 1.0139999, -1.5137999, 0.5696, 1.9089867, 7.2725, 6.5765996, -0.16749999, 9.806579, 5.0, 4.1, -94.4375, 87.25, -71.6875, 147.20769
609786846, 0.16671385, -0.19947368, -0.26820475, 0.3735198, 0.90709996, -1.5215, 0.28239998, 1.7937509, 7.2618, 6.5885, -0.1647, 9.806589, 5.0, 4.1, -90.0, 87.125, -72.0625, 144.51218
609786866, 0.07756243, -0.14561282, -0.34372514, 0.38126892, 0.4809, -1.4930999, -0.23429999, 1.5860355, 7.2271, 6.6267, -0.15789999, 9.806582, 5.0, 4.1, -84.4375, 86.875, -71.75, 140.80135
609786886, -0.058869954, 0.028448867, -0.2848901, 0.2922967, 0.025899999, -1.3949, -0.7844, 1.6005312, 7.1819, 6.6759, -0.1472, 9.80658, 5.0, 4.1, -78.6875, 86.125, -70.625, 136.37129
609786906, -0.3349287, 0.11369075, -0.1062731, 0.36931935, 0.6426, -1.9718, -1.0137, 2.3083582, 7.1438, 6.7167997, -0.1433, 9.806621, 5.0, 4.1, -72.4375, 84.25, -69.5, 131.05534
609786926, -0.65435886, 0.22972023, 0.2072753, 0.72382313, 0.45119998, -1.2204, -0.61109996, 1.4374981, 7.1292996, 6.7327, -0.11449999, 9.806593, 5.0, 4.1, -65.1875, 80.0625, -69.8125, 124.632256
609786946, -0.6628935, 0.6363296, 0.52448887, 1.058032, 0.708, -0.7783, -0.058199998, 1.0537562, 7.1568, 6.7040997, -0.0594, 9.806541, 5.0, 4.1, -58.875, 74.125, -69.875, 117.65754
609786966, -0.6154904, 0.78494436, 0.6072, 1.1677576, 0.70739996, -0.54899997, 0.53319997, 1.0421698, 7.2261, 6.6294, -0.0625, 9.806599, 5.0, 4.1, -52.9375, 67.625, -69.6875, 110.59777
609786986, -0.5101772, 0.8632398, 0.6001664, 1.168616, 0.22649999, -0.26369998, 0.6741, 0.75845283, 7.305, 6.542, -0.0955, 9.806625, 5.0, 4.1, -48.0625, 60.625, -68.6875, 103.45708
609787006, -0.32021555, 0.8833984, 0.49323004, 1.0612289, 0.1603, -0.1055, 0.1853, 0.26676285, 7.3809, 6.455, -0.1559, 9.80658, 5.0, 4.1, -44.5, 54.1875, -66.375, 96.551414
609787026, -0.05300565, 0.9189333, 0.3911981, 1.000142, 0.3848, -0.55009997, -0.2739, 0.72505325, 7.4407997, 6.3831, -0.24569999, 9.806622, 5.0, 4.1, -41.5625, 48.375, -63.1875, 89.778854
609787046, 0.07098254, 0.6353173, 0.29693288, 0.70486575, 0.1642, -0.4122, -0.8398, 0.94980764, 7.4849, 6.3248997, -0.3762, 9.80661, 5.0, 4.1, -39.4375, 42.6875, -59.125, 82.905396
609787066, 0.10594148, 0.3189589, 0.106744334, 0.35263684, -0.0541, -0.045599997, -1.4612, 1.4629121, 7.5169997, 6.2795997, -0.4804, 9.806602, 5.0, 4.1, -37.375, 37.25, -55.1875, 76.35518
609787086, -0.01972222, -0.0024783674, -0.0816465, 0.0840313, -0.3683, -0.023599999, -1.7725999, 1.810611, 7.5271997, 6.2623, -0.5417, 9.806558, 5.0, 4.1, -35.75, 31.9375, -51.0625, 70.03889
609787106, -0.19104373, -0.17926277, -0.19963075, 0.32937104, -0.6917, 0.2927, -1.4616, 1.6432884, 7.5171, 6.2746997, -0.53889996, 9.806582, 5.0, 4.1, -35.4375, 27.875, -45.875, 64.32222
609787126, -0.23073253, -0.20031144, -0.30012682, 0.42829695, -0.63909996, 0.5108, -0.71819997, 1.0886582, 7.4939, 6.3065, -0.4879, 9.806555, 5.0, 4.1, -36.125, 25.4375, -41.1875, 60.40275
609787146, -0.16461946, -0.18940313, -0.4215668, 0.4906034, -0.603, 0.81259996, -0.22819999, 1.0373056, 7.4579, 6.3533998, -0.4288, 9.806622, 5.0, 4.1, -37.4375, 23.9375, -36.9375, 57.78364
609787166, -0.07410668, -0.1700998, -0.4508011, 0.4874909, -0.6587, 1.1903, -0.042, 1.3610524, 7.4056997, 6.4171996, -0.3796, 9.806576, 5.0, 4.1, -38.375, 23.0625, -33.5625, 55.95499
609787186, 0.018308504, -0.18987437, -0.4458269, 0.48492172, -0.0037, 0.8649, 0.2175, 0.8918363, 7.3489, 6.4841, -0.345, 9.806575, 5.0, 4.1, -38.9375, 22.3125, -31.4375, 54.793182
609787206, 0.14908603, -0.36264452, -0.43064255, 0.5824008, 0.0628, 0.5573, 0.47649997, 0.7359207, 7.2921, 6.5492, -0.3195, 9.80657, 5.0, 4.1, -39.0, 21.4375, -30.0, 53.67091
609787226, 0.21783455, -0.54976124, -0.32772046, 0.67608434, -0.5398, 0.7267, 0.1982, 0.92669314, 7.2377996, 6.6106997, -0.2865, 9.806588, 5.0, 4.1, -38.3125, 20.4375, -29.8125, 52.671856
609787246, 0.1693493, -0.7148345, -0.1409528, 0.7480209, -0.7249, 0.6256, -0.25419998, 0.9906932, 7.1973, 6.6566997, -0.236, 9.806553, 5.0, 4.1, -37.0, 19.0625, -30.625, 51.674652
609787266, 0.0633729, -0.7983136, 0.026127579, 0.8012512, -0.8267, 0.449, -0.32459998, 0.99518794, 7.1814, 6.6762, -0.1558, 9.80655, 5.0, 4.1, -35.4375, 17.75, -32.375, 51.176357
609787286, -0.0040142573, -0.66497046, 0.20804325, 0.6967667, -1.2242, 0.6117, -0.37199998, 1.4181772, 7.1867, 6.6721997, -0.049599998, 9.806598, 5.0, 4.1, -33.9375, 16.625, -34.625, 51.254612
609787306, -0.056950092, -0.35772267, 0.41818088, 0.55324864, -1.4873999, 0.866, -0.64489996, 1.8379909, 7.2145, 6.6421, 0.046699997, 9.806563, 5.0, 4.1, -32.375, 15.8125, -37.0, 51.644707
609787326, -0.10560987, -0.027995082, 0.5893279, 0.5993701, -0.8853, 0.79539996, -0.83169997, 1.4519442, 7.2693996, 6.5813, 0.106, 9.806575, 5.0, 4.1, -31.4375, 15.625, -40.0625, 53.267822
609787346, -0.12517501, 0.066409774, 0.6089279, 0.62519777, -0.3446, 0.699, -0.6731, 1.0297639, 7.3465, 6.4947996, 0.1239, 9.806571, 5.0, 4.1, -31.3125, 16.125, -43.1875, 55.728344
609787366, -0.083199844, 0.04935791, 0.5609314, 0.56921214, 0.0178, 0.47129998, -0.54219997, 0.7186246, 7.4254, 6.4042997, 0.1303, 9.806559, 5.0, 4.1, -31.625, 17.4375, -46.4375, 58.82728
609787386, -0.06239552, 0.037873644, 0.5201779, 0.5252739, 0.5247, 0.1126, -0.565, 0.77923924, 7.4969997, 6.3202, 0.1335, 9.806516, 5.0, 4.1, -32.6875, 19.625, -49.625, 62.57998
609787406, -0.100949846, -0.008133234, 0.46104616, 0.47203875, 1.2044, -0.3092, -0.51809996, 1.3470751, 7.5625997, 6.2416, 0.1356, 9.806573, 5.0, 4.1, -34.4375, 22.3125, -52.75, 66.830765
609787426, -0.10437069, -0.04769985, 0.2539454, 0.2786697, 2.0885, -0.3208, -0.1494, 2.1182694, 7.62, 6.1710997, 0.1494, 9.806589, 5.0, 4.1, -36.9375, 25.375, -55.4375, 71.28524
609787446, 0.10829768, 0.16313593, -0.16229817, 0.2543274, 2.3318, -0.17379999, -0.1401, 2.3424613, 7.6512, 6.1317997, 0.1695, 9.806557, 5.0, 4.1, -40.125, 29.375, -57.0625, 75.69039
609787466, 0.2964267, 0.44854963, -0.6432586, 0.8383598, 3.0376, -0.69799995, -0.5039, 3.1572351, 7.6319, 6.1568, 0.1313, 9.806596, 5.0, 4.1, -44.25, 34.4375, -58.3125, 80.89716
609787486, 0.22111577, 0.5676858, -0.7979645, 1.0039456, 2.2242, -0.198, -1.1934, 2.5318913, 7.5529, 6.2546997, 0.0264, 9.806541, 5.0, 4.1, -48.625, 40.4375, -60.0625, 87.21861
609787506, 0.027960174, 0.9550093, -0.596379, 1.1262736, 1.5798999, 0.4019, -2.2178, 2.7524977, 7.4519997, 6.3740997, -0.0866, 9.806577, 5.0, 4.1, -52.9375, 45.9375, -61.4375, 93.20515
609787526, -0.26433012, 1.0615442, -0.29778808, 1.1337655, 1.8554, -0.0885, -1.7392, 2.5446332, 7.3725, 6.4623, -0.23179999, 9.806569, 5.0, 4.1, -56.25, 49.75, -62.25, 97.540695
609787546, -0.44416884, 0.8617214, -0.03429572, 0.9700649, 1.2235, 0.241, -0.62689996, 1.395721, 7.3278, 6.5074, -0.3536, 9.806525, 5.0, 4.1764703, -58.25, 51.3125, -62.75, 99.817825
609787566, -0.43467426, 0.6124709, 0.17205456, 0.77049667, 0.9697, 0.053099997, 0.422, 1.0588776, 7.3169, 6.5157, -0.422, 9.8066025, 5.0, 4.2529407, -59.5625, 51.25, -62.4375, 100.362816
609787586, -0.3218038, 0.22408283, 0.33094934, 0.51312596, 1.1388, -0.5469, 1.5536, 2.002408, 7.3339996, 6.4940996, -0.4552, 9.806533, 5.0, 4.329411, -59.75, 49.6875, -62.6875, 99.84304
609787606, -0.19268435, -0.23225096, 0.44813073, 0.54026747, 0.53889996, -0.4556, 1.9862, 2.1078365, 7.375, 6.4481997, -0.4466, 9.806598, 5.0, 4.4058814, -58.0625, 47.5625, -63.75, 98.47592
609787626, -0.024312437, -0.4783075, 0.48733082, 0.6832719, 0.1458, -0.4617, 2.0742, 2.12996, 7.4346, 6.3831997, -0.3874, 9.806559, 5.0, 4.482352, -55.5625, 44.875, -65.375, 96.8238
609787646, 0.1645671, -0.57953656, 0.3925769, 0.71906996, -0.2627, -0.57379997, 2.0781, 2.1718097, 7.5, 6.3104, -0.3129, 9.806582, 5.0, 4.558822, -51.9375, 42.0625, -67.125, 94.723404
609787666, 0.30445522, -0.45930085, 0.23486896, 0.5990106, -1.0019, -0.3888, 1.2466999, 1.6459738, 7.5527, 6.2502, -0.2464, 9.806579, 5.0, 4.6352925, -47.75, 39.25, -67.875, 91.802185
609787686, 0.21999875, -0.11171853, 0.093305305, 0.26379228, -1.3865, -0.3279, -0.059699997, 1.4259961, 7.5843, 6.213, -0.2148, 9.806585, 5.0, 4.711763, -44.5625, 36.75, -67.75, 89.03056
609787706, -0.10847221, 0.25748843, -0.033527777, 0.28140828, -1.5654999, 0.0783, -1.0397999, 1.880985, 7.5965, 6.1976, -0.2251, 9.806515, 5.0, 4.7882333, -43.375, 35.25, -67.75, 87.82947
609787726, -0.5518382, 0.54974383, -0.10883873, 0.7865046, -1.8054, 0.75049996, -1.1809, 2.2841287, 7.5913, 6.203, -0.25079998, 9.806525, 5.0, 4.8647037, -43.6875, 34.875, -68.5, 88.414444
609787746, -0.8443903, 0.8602902, -0.058974676, 1.2068853, -2.1520998, 1.3874999, -0.3717, 2.587441, 7.5751996, 6.2222, -0.2656, 9.806628, 5.0, 4.941174, -44.875, 34.6875, -70.75, 90.67828
609787766, -0.7863581, 1.120833, -0.01691224, 1.3692741, -1.6694, 1.5087999, 0.84959996, 2.405243, 7.5632, 6.2356, -0.2907, 9.80659, 5.0, 5.0176444, -46.75, 35.375, -72.75, 93.43188
609787786, -0.44361034, 1.1584623, -0.06873106, 1.2423965, -1.209, 1.4671999, 1.833, 2.6408796, 7.554, 6.2430997, -0.362, 9.8066435, 5.0, 5.094115, -49.375, 36.5625, -74.6875, 96.71055
609787806, -0.020385446, 0.7270518, -0.19519763, 0.753075, -0.86719996, 1.5694, 2.0995, 2.7609694, 7.5358, 6.257, -0.48139998, 9.806634, 5.0, 5.170585, -51.4375, 38.5625, -76.5625, 99.973495
609787826, 0.29473376, 0.09164724, -0.31005773, 0.43749627, -0.28599998, 1.0986, 2.0298, 2.3256838, 7.5037, 6.2862997, -0.5882, 9.806582, 5.0, 5.2470555, -52.75, 41.25, -78.625, 103.276405
609787846, 0.49363148, -0.36121333, -0.41177553, 0.73736435, 0.2835, 0.33699998, 1.6982, 1.754373, 7.4635997, 6.3289, -0.63909996, 9.806566, 5.0, 5.323526, -53.625, 44.9375, -81.0, 107.0328
609787866, 0.5777389, -0.55454344, -0.60081214, 1.0011373, 0.7527, 0.1073, 0.8639, 1.1508231, 7.4161, 6.3835998, -0.64809996, 9.806575, 5.0, 5.4, -55.3125, 50.3125, -83.8125, 112.3181
609787886, 0.50780356, -0.618056, -0.8274955, 1.1509155, 0.5676, 0.2472, -0.19299999, 0.64848024, 7.3462996, 6.4645996, -0.6405, 9.806601, 5.0, 5.4, -60.0625, 58.8125, -86.75, 120.79726
609787906, 0.18462093, -0.48736575, -0.872333, 1.016157, 0.088999994, 0.096599996, -1.3544999, 1.3608537, 7.2462997, 6.5787997, -0.6166, 9.806613, 5.0, 5.4, -70.6875, 71.75, -87.5625, 133.46152
609787926, -0.3451912, -0.14119713, -0.6003409, 0.7067551, -0.7033, 0.2785, -2.0669, 2.20097, 7.1363997, 6.7018, -0.571, 9.806547, 5.0, 5.4, -89.5, 90.25, -85.8125, 153.35938
609787946, -0.6816732, 0.2496519, -0.20755455, 0.7550386, -0.6436, 0.2593, -0.91749996, 1.150332, 7.0572, 6.7904997, -0.5044, 9.806599, 5.0, 5.4, -118.6875, 116.0625, -82.0, 185.1519
609787966, -0.70230305, 0.22944099, 0.056915186, 0.741021, 0.16139999, -0.14639999, 0.3487, 0.4111868, 7.0267, 6.8259997, -0.4468, 9.80655, 5.0, 5.4, -158.0, 151.625, -79.625, 233.01134
609787986, -0.44565237, -0.028204521, 0.20744984, 0.4923789, 0.6653, -1.0609, 1.3148, 1.815718, 7.0327997, 6.8236, -0.3832, 9.8065605, 5.0, 5.4, -205.6875, 199.4375, -84.8125, 298.7906
609788006, -0.0699877, -0.41266564, 0.4283387, 0.59888667, 1.431, -2.1952999, 1.6326, 3.0874722, 7.0614996, 6.7973, -0.31849998, 9.806605, 5.0, 5.4, -256.1875, 256.0625, -98.875, 375.4681
609788026, 0.16032594, -0.6054373, 0.7657807, 0.98928195, 1.6254, -2.0107, 0.6232, 2.659552, 7.1219997, 6.7367, -0.2505, 9.806567, 5.0, 5.4, -297.375, 304.125, -120.5625, 442.1077
609788046, 0.24031438, -0.47452012, 0.9242391, 1.0663668, 2.2656, -2.7294998, -0.15799999, 3.5507853, 7.2272, 6.6259, -0.18509999, 9.806591, 5.0, 5.4, -326.1875, 334.875, -141.625, 488.4641
609788066, 0.1365371, -0.26101398, 0.98832756, 1.0312915, 1.3973, -2.6397, -1.1567, 3.2028766, 7.3501997, 6.4902, -0.1475, 9.806624, 5.0, 5.4, -344.375, 348.625, -160.375, 515.61
609788086, -0.06321582, 0.10875147, 1.0318037, 1.0394431, 0.0143, -1.4923999, -1.8544999, 2.3804688, 7.4779, 6.343, -0.12629999, 9.806559, 5.0, 5.4, -354.0, 349.75, -175.4375, 527.6546
609788106, -0.15838863, 0.27530822, 1.0332873, 1.0810015, -0.3796, -1.3146, -1.0223, 1.70803, 7.6071, 6.1874, -0.1348, 9.806633, 5.0, 5.4, -355.5625, 342.375, -190.4375, 529.0669
609788126, -0.019111356, 0.15044738, 1.0034771, 1.0148724, -1.1818, -0.5511, -0.116799995, 1.3092, 7.7327, 6.0291, -0.1577, 9.806608, 5.0, 5.4, -346.0, 327.625, -207.75, 519.8213
609788146, 0.25939083, -0.022392575, 0.9560739, 0.99088967, -1.8500999, 0.1357, 0.022, 1.8552003, 7.8517, 5.8726, -0.17889999, 9.8065605, 5.0, 5.4, -325.5625, 305.0, -222.5, 498.52
609788166, 0.44464007, -0.26024604, 0.85217446, 0.99580824, -1.2943, 0.20879999, -0.1278, 1.3172481, 7.9628, 5.7202, -0.20549999, 9.806584, 5.0, 5.4, -294.4375, 272.3125, -230.625, 462.63962
609788186, 0.43610543, -0.5340184, 0.6819176, 0.9697295, -0.8231, 0.24669999, -0.26639998, 0.89962405, 8.0604, 5.5815997, -0.21409999, 9.806638, 5.0, 5.4, -260.125, 230.25, -230.75, 417.04395
609788206, 0.40694097, -0.5482603, 0.51363295, 0.8544057, -0.881, 0.6737, -0.2654, 1.1403815, 8.137899, 5.4691997, -0.1758, 9.806552, 5.0, 5.4, -243.125, 191.5, -224.375, 382.2645
609788226, 0.44598398, -0.39252454, 0.2915049, 0.66177964, -0.5561, 0.8042, -0.3304, 1.0320605, 8.195499, 5.3838997, -0.1304, 9.806609, 5.0, 5.358824, -253.0, 168.25, -211.9375, 370.45184
609788246, 0.47162285, -0.27579692, 0.02628466, 0.5469762, -0.34329998, 0.82369995, -0.4843, 1.0153241, 8.227799, 5.3346996, -0.1138, 9.806561, 5.0, 5.3176475, -299.1875, 175.5625, -188.375, 394.74106
609788266, 0.46451938, -0.19903734, -0.18442895, 0.53796667, -0.4547, 0.8965, -0.8717, 1.3305357, 8.2314, 5.3290997, -0.1187, 9.806597, 5.0, 5.276471, -386.6875, 255.3125, -117.625, 478.06625
609788286, 0.44790384, -0.17283995, -0.28585002, 0.55875015, -0.74939996, 0.9941, -1.0509, 1.6291795, 8.212299, 5.3581, -0.1356, 9.806604, 5.0, 5.235295, -437.5625, 411.1875, 82.625, 606.1048
609788306, 0.4235565, -0.0864287, -0.28286552, 0.51660717, -0.7585, 1.0002999, -1.2958, 1.8041673, 8.1821995, 5.4034, -0.1554, 9.806593, 5.0, 5.1941185, -355.9375, 546.875, 332.5625, 732.3671
609788326, 0.38568285, -0.04300491, -0.27171287, 0.4737389, -0.3164, 0.5643, -1.2050999, 1.3677753, 8.151899, 5.448, -0.1873, 9.806592, 5.0, 5.152942, -156.0, 607.0625, 532.8125, 822.6482
609788346, 0.35819393, 0.034976397, -0.26300368, 0.44575462, -0.0614, 0.2047, -1.1896, 1.2086439, 8.122399, 5.4905, -0.2225, 9.806552, 5.0, 5.111766, 81.8125, 591.4375, 604.1875, 849.43164
609788366, 0.26764625, 0.094701566, -0.1743584, 0.33317226, -0.7482, 0.6475, -1.3797, 1.6978314, 8.0934, 5.5312, -0.2677, 9.806578, 5.0, 5.0705895, 245.375, 570.5625, 583.1875, 851.9731
609788386, 0.06633996, 0.14674728, 0.083095126, 0.18121962, -1.4736999, 0.9878, -0.73649997, 1.9209301, 8.0736, 5.5576997, -0.3127, 9.80657, 5.0, 5.029413, 347.5, 552.1875, 593.8125, 882.2021
609788406, -0.20029399, 0.17212437, 0.46479863, 0.5345861, -1.4722999, 1.2974, -0.74469995, 2.0989263, 8.082, 5.5436997, -0.34379998, 9.806606, 5.0, 4.988237, 426.9375, 527.0625, 610.8125, 912.7773
609788426, -0.30003956, 0.2905275, 0.76740384, 0.8736925, -0.6888, 1.1840999, 0.22209999, 1.3877559, 8.132, 5.4695997, -0.3496, 9.806537, 5.0, 4.9470606, 515.75, 491.9375, 613.5, 940.4163
609788446, -0.07197738, 0.4074471, 0.97537726, 1.0595068, 0.2402, 0.58019996, 1.1883999, 1.3441066, 8.212999, 5.3462, -0.3647, 9.80654, 5.0, 4.9058843, 636.125, 397.1875, 562.0, 937.1536
609788466, 0.24902357, 0.392542, 1.0002656, 1.103011, 0.9546, 0.4685, 1.1305, 1.5520256, 8.3126, 5.1854997, -0.4244, 9.806571, 5.0, 4.864708, 719.75, 231.75, 379.5625, 846.059
609788486, 0.4730715, 0.27401668, 0.8895943, 1.0441551, 1.3857, 0.338, 0.5351, 1.5233977, 8.411, 5.0158, -0.5155, 9.806575, 5.0, 4.8235316, 671.75, 79.1875, 155.625, 694.07336
609788506, 0.50469685, 0.053791046, 0.7363195, 0.8943035, 1.5166, 0.15269999, -0.4897, 1.6009994, 8.4959, 4.8599, -0.6085, 9.806591, 5.0, 4.7823553, 506.5625, -12.6875, -9.9375, 506.8188
609788526, 0.23399629, -0.072239175, 0.5709321, 0.62123764, 1.7702999, -0.24409999, -1.6187999, 2.411236, 8.5658, 4.7278, -0.66609997, 9.806564, 5.0, 4.741179, 305.75, -42.5625, -42.3125, 311.58463
609788546, -0.19547687, 1.5707963E-4, 0.43031093, 0.4726296, 3.1671999, -1.2183, -1.472, 3.698945, 8.620299, 4.6264, -0.6756, 9.806608, 5.0, 4.7000003, 185.5625, -64.625, 10.9375, 196.79802
609788566, -0.46602038, 0.1293987, 0.26502824, 0.5515061, 3.4120998, -0.98609996, -0.6662, 3.6136742, 8.6598, 4.5546, -0.6576, 9.806577, 5.0, 4.617647, 130.25, -78.0, 27.75, 154.33446
609788586, -0.52675784, 0.19437732, -0.09447467, 0.5693697, 3.6936998, -0.8104, -0.48009998, 3.8119106, 8.6821995, 4.5144997, -0.6378, 9.806533, 5.0, 4.535294, 103.6875, -78.1875, 29.375, 133.14381
609788606, -0.57595867, 0.062412973, -0.4871563, 0.7569313, 1.5668, 0.3696, -0.6019, 1.7186477, 8.6713, 4.5375, -0.6238, 9.806603, 5.0, 4.452941, 91.3125, -79.0, 29.1875, 124.22111
609788626, -0.57798326, 0.09073967, -0.5673891, 0.81500226, -0.457, 1.1863999, -0.281, 1.3020579, 8.625899, 4.6286, -0.5819, 9.806563, 5.0, 4.370588, 83.1875, -78.6875, 29.0625, 118.13768
609788646, -0.49980995, 0.18617427, -0.4201531, 0.67896944, -0.31469998, 1.1531, 0.4159, 1.2655625, 8.571899, 4.7325, -0.5434, 9.806595, 5.0, 4.2882347, 75.875, -76.5625, 28.875, 111.59121
609788666, -0.10077531, -0.08688249, -0.1534668, 0.20311645, 0.050899997, 1.0831, 1.7042999, 2.0199838, 8.5299, 4.8096, -0.5275, 9.806615, 5.0, 4.2058816, 67.8125, -72.9375, 27.75, 103.385086
609788686, 0.4015828, -0.7242767, -0.08372344, 0.8323792, 0.251, 1.1003, 1.4836999, 1.8641423, 8.516, 4.8366, -0.50299996, 9.806526, 5.0, 4.1235285, 59.0, -68.8125, 26.375, 94.402336
609788706, 0.75375533, -1.1697894, -0.22635175, 1.4098899, 0.1445, 0.3556, 1.0461999, 1.1143904, 8.5147, 4.8471, -0.4186, 9.806616, 5.0, 4.0411754, 49.9375, -64.625, 24.8125, 85.356926
609788726, 0.8255931, -1.223022, -0.559954, 1.5782697, 0.5111, -0.44489998, 0.41059998, 0.79230773, 8.5011, 4.8801, -0.2929, 9.806623, 5.0, 3.9588225, 40.25, -60.4375, 23.375, 76.28332
609788746, 0.7543662, -0.8240048, -0.93879515, 1.4592425, -0.3611, 0.0187, 0.0198, 0.36212558, 8.4516, 4.9709997, -0.1669, 9.8065405, 5.0, 3.8764696, 30.5, -55.9375, 21.75, 67.32248
609788766, 0.5508608, -0.058538344, -1.0542661, 1.1909456, -1.5728999, 0.547, -0.3464, 1.7009456, 8.359099, 5.1267, -0.1046, 9.806556, 5.0, 3.7941167, 21.1875, -50.625, 19.8125, 58.346687
609788786, 0.21704915, 0.73357934, -0.9615019, 1.2287127, -1.375, 0.3773, -0.3085, 1.4588189, 8.2494, 5.3002, -0.1524, 9.806526, 5.0, 3.7117639, 13.4375, -45.4375, 18.3125, 50.79843
609788806, -0.099483766, 1.12195, -0.8407425, 1.4055308, -1.1409, 0.0042, 0.1783, 1.154756, 8.142799, 5.4567, -0.296, 9.806547, 5.0, 3.629411, 7.75, -41.125, 18.0, 45.55577
609788826, -0.12983504, 1.0220822, -0.60559434, 1.1950957, -2.0200999, 0.1802, 1.0845, 2.2998729, 8.0414, 5.5934997, -0.4666, 9.806582, 5.0, 3.547058, 3.75, -38.125, 17.875, 42.274033
609788846, 0.06305875, 0.6160489, -0.16805775, 0.6416666, -2.8528, 0.1313, 1.3119, 3.142736, 7.9621, 5.6917, -0.6156, 9.8066025, 5.0, 3.4647052, 1.625, -36.4375, 18.1875, 40.756805
609788866, 0.21882938, 0.18243927, 0.30770156, 0.41934547, -3.0314, 0.0982, 0.67179996, 3.1065004, 7.9347997, 5.7174, -0.7208, 9.806593, 5.0, 3.3823524, 0.0625, -35.0, 18.6875, 39.676525
609788886, 0.21786945, -0.07150614, 0.6216863, 0.6626266, -2.8383, 0.3597, 0.0098, 2.8610184, 7.9670997, 5.6650996, -0.7747, 9.806539, 5.0, 3.3, -0.875, -33.875, 19.0, 38.84947
609788906, 0.10770427, -0.10604621, 0.89406234, 0.90674883, -2.8504, 0.69799995, -0.026099999, 2.9347343, 8.0381, 5.5621, -0.78779995, 9.806561, 5.0, 3.3, -1.375, -32.9375, 19.375, 38.2382
609788926, -0.059760075, -0.08838347, 1.0778456, 1.0831131, -2.0873, 0.6202, 0.2039, 2.1870174, 8.138, 5.4157, -0.78249997, 9.806587, 5.0, 3.3, -1.5, -32.5, 19.875, 38.125
609788946, -0.2297726, -0.037070792, 1.0525906, 1.0780152, -0.5169, 0.1109, 0.9382, 1.0768954, 8.2543, 5.2398, -0.7617, 9.806587, 5.0, 3.3, -1.75, -32.3125, 20.5, 38.30679
609788966, -0.24424137, 0.16336282, 0.901672, 0.94834256, 0.433, -0.089999996, 1.5555999, 1.6172446, 8.3633995, 5.0681996, -0.7319, 9.806568, 5.0, 3.3, -1.8125, -32.0625, 20.875, 38.30215
609788986, -0.108926, 0.5341406, 0.738763, 0.9181186, 1.4142, 0.0559, 1.1959, 1.8529066, 8.4512, 4.92, -0.73499995, 9.8066, 5.0, 3.3, -1.75, -32.1875, 21.0, 38.47204
609789006, -0.046513025, 0.72015774, 0.47411868, 0.86346924, 2.2529, 0.0596, 0.5306, 2.315307, 8.5147, 4.7963, -0.815, 9.806571, 5.0, 3.3, -1.5625, -32.3125, 21.125, 38.63683
609789026, -0.23034856, 0.7644891, 0.19577359, 0.8220896, 2.6125998, 0.22459999, -0.7924, 2.7393467, 8.547299, 4.7160997, -0.9335, 9.806597, 5.0, 3.3, -1.4375, -32.5, 21.5625, 39.028934
609789046, -0.37969637, 0.7741059, 0.03593633, 0.86296046, 2.3346, -4.9999997E-4, -0.1537, 2.339654, 8.5507, 4.687, -1.0425999, 9.8066025, 5.0, 3.3, -1.25, -32.9375, 22.125, 39.698326
609789066, -0.20127137, 0.68092275, 0.07016224, 0.7135045, 1.7499, -0.7928, 1.0511, 2.1898615, 8.5372, 4.6889997, -1.1393, 9.806554, 5.0, 3.3, -1.0625, -33.3125, 22.3125, 40.108593
609789086, 0.08225737, 0.39947096, 0.153205, 0.43567774, 1.4358, -1.5945, 0.43249997, 2.188837, 8.527699, 4.6816998, -1.2366999, 9.8066, 5.0, 3.3, -1.0, -33.75, 22.4375, 40.540154
609789106, 0.037018433, 0.23001695, 0.18236946, 0.29586616, 1.5199, -1.309, -1.3352, 2.4096339, 8.531899, 4.6533, -1.3125, 9.806588, 5.0, 3.3, -1.0, -34.1875, 22.375, 40.870842
609789126, -0.016528267, 0.25661576, 0.31333897, 0.40534693, 1.1462, -1.1941999, -0.68439996, 1.7911704, 8.5427, 4.6211, -1.3553, 9.806585, 5.0, 3.3, -0.625, -34.5625, 22.5625, 41.27982
609789146, 0.097686075, 0.06867871, 0.3694164, 0.3882368, 1.3989999, -1.4338, 0.27969998, 2.0226753, 8.5645, 4.5678, -1.3977, 9.806581, 5.0, 3.3, -0.5, -34.9375, 22.9375, 41.797222
609789166, 0.2932153, -0.13749704, 0.39791763, 0.5130488, 0.5534, -0.85279995, 0.3004, 1.0600752, 8.5961, 4.5014997, -1.4183999, 9.806543, 5.0, 3.3, -0.3125, -35.3125, 22.9375, 42.10937
609789186, 0.41943753, -0.31696925, 0.4113392, 0.6675307, 0.36679998, -0.75329995, -0.3442, 0.90580165, 8.6356, 4.4245, -1.4209, 9.806566, 5.0, 3.3, -0.375, -35.875, 22.9375, 42.582687
609789206, 0.32669073, -0.421881, 0.33573154, 0.6304174, 0.3021, 0.0165, -1.4508, 1.4820112, 8.680699, 4.3413, -1.4028, 9.806594, 5.0, 3.3, -0.625, -36.3125, 22.8125, 42.88821
609789226, 0.25850073, -0.3434459, 0.19029325, 0.47009492, 0.0359, 0.0274, -1.2508999, 1.251715, 8.7213, 4.2736998, -1.3576, 9.806562, 5.0, 3.3, -0.5, -36.5, 22.625, 42.94637
609789246, 0.32604495, -0.30459487, -0.03312635, 0.4474156, -0.38169998, 0.1048, -0.3376, 0.5202419, 8.746799, 4.2334, -1.3196, 9.806606, 5.0, 3.182353, -0.6875, -36.6875, 22.625, 43.10842
609789266, 0.45472807, -0.3530103, -0.25494024, 0.62959385, -0.789, 0.062699996, 0.4016, 0.8875443, 8.752, 4.2304997, -1.2939999, 9.806582, 5.0, 3.0647058, -1.1875, -37.0, 22.0625, 43.094826
609789286, 0.5618913, -0.44671702, -0.46022588, 0.85269326, -1.306, 0.2622, 0.3197, 1.369888, 8.7394, 4.2633, -1.2709, 9.80653, 5.0, 2.9470587, -1.625, -37.4375, 21.8125, 43.358875
609789306, 0.6255958, -0.5302136, -0.644777, 1.0431845, -1.67, 0.0733, 0.2312, 1.6875207, 8.7112, 4.3294, -1.2413, 9.806606, 5.0, 2.8294115, -2.3125, -37.6875, 21.25, 43.32733
609789326, 0.61294216, -0.6244788, -0.8413185, 1.2138734, -1.9010999, 0.071899995, -0.0708, 1.903776, 8.6677, 4.426, -1.204, 9.806534, 5.0, 2.7117643, -3.3125, -37.875, 20.375, 43.13501
609789346, 0.5477018, -0.6901032, -1.0984055, 1.4080888, -1.8403, 0.5459, 0.35689998, 1.952457, 8.6069, 4.5568, -1.1511999, 9.80655, 5.0, 2.5941172, -4.25, -37.875, 19.8125, 42.95478
609789366, 0.46743408, -0.6633473, -1.3075134, 1.5388682, -2.1557999, 1.1237999, 0.6034, 2.5048933, 8.5204, 4.7325997, -1.0839, 9.806608, 5.0, 2.47647, -5.1875, -37.4375, 19.0625, 42.330315
609789386, 0.3214373, -0.32018065, -1.3564874, 1.430348, -2.21, 1.698, -0.2285, 2.7963398, 8.4078, 4.944, -1.0169, 9.806544, 5.0, 2.3588228, -6.0625, -37.0625, 18.625, 41.919846
609789406, 0.036285397, 0.11978195, -1.3099743, 1.3159397, -1.4909999, 1.555, -0.9456, 2.3527143, 8.2772, 5.1638, -0.996, 9.806573, 5.0, 2.2411757, -6.8125, -36.6875, 18.5, 41.648922
609789426, -0.40732494, 0.18983947, -1.3018236, 1.3772063, -0.7327, 1.6515, -0.9123, 2.0240042, 8.1368, 5.378, -1.0195, 9.806619, 5.0, 2.1235285, -7.3125, -36.125, 18.625, 41.296234
609789446, -0.6415307, 0.26705283, -1.1385306, 1.3338406, -1.0763999, 2.2912, -0.1222, 2.5343966, 7.9901, 5.5961, -1.0055, 9.806582, 5.0, 2.0058813, -7.4375, -35.25, 19.25, 40.846558
609789466, -0.6235887, 0.47856927, -0.8680919, 1.1710999, -0.0492, 1.8271999, -0.044999998, 1.828416, 7.8553, 5.7890997, -0.9748, 9.806612, 5.0, 1.8882343, -7.375, -34.3125, 19.375, 40.089012
609789486, -0.67345273, 0.5702514, -0.83894485, 1.2176017, 1.8269999, 1.3373, -0.97499996, 2.465142, 7.7441998, 5.9365997, -0.97639996, 9.80659, 5.0, 1.7705872, -7.25, -33.5, 19.75, 39.558502
609789506, -0.7695157, 0.65517914, -0.87221086, 1.3349779, 1.7623999, 1.9207, -0.978, 2.7841742, 7.6323, 6.0787, -0.98319995, 9.806594, 5.0, 1.6529402, -7.0625, -32.75, 20.25, 39.14721
609789526, -0.7345218, 0.95713854, -0.7057762, 1.3977684, 1.5589, 1.4892, -0.9342, 2.349599, 7.5120997, 6.2258997, -0.9878, 9.806591, 5.0, 1.5352931, -6.6875, -31.8125, 20.8125, 38.599457
609789546, -0.7060904, 1.1410962, -0.5784021, 1.4612368, 1.9219999, -0.2048, -0.98179996, 2.1679387, 7.4041, 6.3459, -1.0382999, 9.80659, 5.0, 1.417646, -6.375, -30.875, 21.4375, 38.124435
609789566, -0.66680306, 1.1095058, -0.56138515, 1.410951, 1.8536999, -1.6247, -1.2376, 2.7581708, 7.3055997, 6.4460998, -1.1158999, 9.806591, 5.0, 1.3000001, -6.0625, -30.125, 22.0, 37.792454
609789586, -0.63831925, 0.91039866, -0.57405627, 1.2513264, 1.3343999, -2.3321, -1.4082999, 3.0335824, 7.2071, 6.5428996, -1.1904, 9.806573, 5.0, 1.3000001, -6.0, -29.25, 22.4375, 37.34975
609789606, -0.51658255, 0.7486939, -0.5447522, 1.0602617, 0.4906, -1.6853, -1.2835, 2.1744647, 7.1094, 6.6404, -1.2366999, 9.806523, 5.0, 1.3000001, -6.125, -28.375, 22.875, 36.95838
609789626, -0.24839526, 0.65818113, -0.6256656, 0.941467, 2.4552, -2.4879, -0.2857, 3.5070326, 7.0179, 6.7303, -1.2734, 9.8066, 5.0, 1.3000001, -6.25, -27.6875, 23.1875, 36.651333
609789646, -0.19444713, 0.4223697, -0.84463465, 0.9641647, 3.4691, -1.7960999, -0.66889995, 3.963339, 6.916, 6.8237996, -1.3316, 9.806552, 5.0, 1.3000001, -6.4375, -26.875, 23.8125, 36.47934
609789666, -0.08133234, 0.52970743, -0.6785491, 0.8646582, 2.214, -0.214, -0.4121, 2.2621713, 6.7883997, 6.9447, -1.3628, 9.806551, 5.0, 1.3000001, -6.8125, -26.125, 23.9375, 36.082264
609789686, -0.05375614, 0.5495169, -0.51632077, 0.75594026, 1.3722999, -0.22829999, 0.0499, 1.3920553, 6.6787996, 7.0383, -1.4228, 9.806548, 5.0, 1.3000001, -7.0, -25.375, 24.3125, 35.832783
609789706, 0.018046705, 0.38070866, -0.18334684, 0.42294306, -1.0687, 1.1359999, 0.7919, 1.7492058, 6.5899, 7.1082997, -1.4882, 9.8066025, 5.0, 1.3000001, -7.1875, -24.75, 24.6875, 35.68887
609789726, 0.14236651, 0.19463912, 0.19861847, 0.31241304, -1.1881, 0.8163, 1.6094999, 2.160652, 6.5523, 7.1317997, -1.5409, 9.806609, 5.0, 1.3000001, -7.0625, -24.3125, 25.0625, 35.624508
609789746, 0.14545573, -0.19524999, 0.23633504, 0.33931428, 0.42729998, -0.64599997, 1.5670999, 1.748057, 6.5745997, 7.1011996, -1.5867, 9.806631, 5.0, 1.3000001, -7.125, -23.875, 25.1875, 35.42868
609789766, -0.11648327, -0.42449898, 0.26377162, 0.51316977, 0.47579998, -0.28959998, 0.7775, 0.95643085, 6.6143, 7.0653, -1.5817, 9.80659, 5.0, 1.3000001, -7.1875, -23.5, 25.3125, 35.279354
609789786, -0.31848767, -0.4994085, 0.32627186, 0.6762371, 0.1312, -0.33089998, 1.2736, 1.3224088, 6.6647, 7.0337996, -1.5088999, 9.806597, 5.0, 1.3000001, -7.3125, -23.125, 25.625, 35.28284
609789806, -0.4283736, -0.660834, 0.3228859, 0.85115266, -0.0173, -0.4439, 0.72069997, 0.8466138, 6.725, 6.9993, -1.3974, 9.806557, 5.0, 1.3000001, -7.8125, -22.5625, 25.8125, 35.162292
609789826, -0.5802522, -0.5141391, 0.24492206, 0.8130304, -0.24669999, -0.103599995, -0.29119998, 0.39546338, 6.7876997, 6.9669, -1.2483, 9.80657, 5.0, 1.3000001, -8.1875, -21.875, 25.625, 34.67263
609789846, -0.6379004, -0.18034486, 0.17591174, 0.68584704, -0.842, 0.3178, -0.1085, 0.906495, 6.8339, 6.9470997, -1.0976, 9.806585, 5.0, 1.3000001, -8.3125, -21.5, 25.75, 34.560238
609789866, -0.54864424, -0.05078908, 0.051871184, 0.55342627, -1.3507999, 0.454, 0.5725, 1.5357515, 6.8620996, 6.9361997, -0.9844, 9.806545, 5.0, 1.3000001, -8.5, -21.1875, 25.875, 34.50617
609789886, -0.2778913, 0.12496557, -0.07586946, 0.31400025, -1.8492999, 0.67289996, 0.46989998, 2.0232425, 6.8704, 6.9393997, -0.90139997, 9.80664, 5.0, 1.3000001, -8.5625, -21.125, 25.375, 34.109715
609789906, 0.018954275, 0.34559265, -0.07749262, 0.35468104, -2.072, 1.2766, 0.114999995, 2.4364147, 6.8575997, 6.9547, -0.88, 9.806576, 5.0, 1.3000001, -8.5625, -21.3125, 25.0, 33.949066
609789926, 0.16650441, 0.30613074, -0.08847074, 0.35953695, -1.7509999, 1.7967999, 0.14549999, 2.5130978, 6.8406, 6.9649, -0.92999995, 9.806556, 5.0, 1.3000001, -8.6875, -21.375, 24.6875, 33.79106
609789946, 0.29883528, 0.22125539, -0.085486226, 0.38152897, -1.5171, 1.9625, 0.4067, 2.5136435, 6.8224998, 6.9737, -0.99509996, 9.806591, 5.0, 1.3000001, -8.9375, -21.5, 24.375, 33.7086
609789966, 0.37236598, 0.058677968, -0.017348573, 0.3773599, -1.4613999, 1.9777999, 0.4394, 2.4980903, 6.8059998, 6.9790998, -1.067, 9.806526, 5.0, 1.3000001, -8.9375, -21.75, 23.75, 33.421608
609789986, 0.41020474, -0.081629045, 0.0983493, 0.42965546, -1.3597, 1.7953999, 0.4601, 2.2986815, 6.8023996, 6.9733, -1.127, 9.806614, 5.0, 1.3000001, -8.9375, -22.25, 23.25, 33.39916
609790006, 0.4468741, -0.23874359, 0.101211645, 0.51666117, -0.9144, 1.1449, 0.4375, 1.5291598, 6.818, 6.9504, -1.173, 9.806585, 5.0, 1.3000001, -9.5, -22.5, 23.1875, 33.677296
609790026, 0.43345252, -0.5709146, -0.05105088, 0.7186312, -0.4928, 0.5222, 1.0063, 1.2361975, 6.8377, 6.9259, -1.2025, 9.8065405, 5.0, 1.3000001, -9.9375, -22.375, 22.875, 33.506123
609790046, 0.3825587, -0.8777784, -0.2094046, 0.98015124, -0.0777, 0.27359998, 1.1746, 1.2085444, 6.8443, 6.9224997, -1.1844, 9.8065405, 5.0, 1.3000001, -10.5, -22.5625, 22.5, 33.54946
609790066, 0.37323865, -0.8127998, -0.2558478, 0.9302735, 0.7449, -0.0105, 0.5584, 0.9310192, 6.8356, 6.9423, -1.1173999, 9.806606, 5.0, 1.3000001, -11.0625, -22.5625, 22.125, 33.480755
609790086, 0.2978928, -0.64934975, -0.43336526, 0.83558404, 2.0767999, -1.2684, 0.166, 2.439158, 6.8177, 6.9691, -1.0583999, 9.80661, 5.0, 1.3000001, -11.6875, -22.3125, 21.875, 33.36107
609790106, 0.12306316, -0.46345472, -0.5276654, 0.7129976, 1.7023, -1.2648, -0.44919997, 2.1677926, 6.7704997, 7.0217, -1.0119, 9.806522, 5.0, 1.3000001, -12.25, -21.9375, 21.75, 33.232197
609790126, -0.23308872, -0.2210634, -0.40765655, 0.51902145, 1.287, -1.1766, -0.78849995, 1.9137629, 6.7053, 7.0903997, -0.9668, 9.806605, 5.0, 1.3000001, -12.8125, -21.5, 21.5, 32.99485
609790146, -0.49832642, -0.120724425, -0.2518161, 0.5712398, 0.4877, -1.6473, 0.4236, 1.7694309, 6.6513996, 7.1491, -0.9041, 9.806536, 5.0, 1.3000001, -13.125, -21.0625, 21.4375, 32.79422
609790166, -0.43251005, 0.06211627, -0.008953539, 0.43703952, 0.6688, -3.2529, 0.9932, 3.46628, 6.6173997, 7.1910996, -0.8167, 9.806574, 5.0, 1.3000001, -13.25, -20.4375, 21.25, 32.32362
609790186, -0.4246037, 0.14213961, 0.39207077, 0.59515667, 0.2003, -2.2054, 0.2135, 2.2247453, 6.6152, 7.199, -0.76269996, 9.806538, 5.0, 1.3000001, -13.0625, -20.25, 20.875, 31.881924
609790206, -0.47774896, 0.29548424, 0.6342701, 0.8472624, 1.3033, -1.8687999, -0.456, 2.323562, 6.6693997, 7.1531997, -0.72069997, 9.806558, 5.0, 1.3000001, -12.9375, -20.1875, 20.8125, 31.750185
609790226, -0.5469338, 0.29667106, 0.65327674, 0.9021756, 0.8936, -1.6531, -0.3764, 1.9164909, 6.7555, 7.0748, -0.6924, 9.806579, 5.0, 1.3000001, -12.875, -19.5625, 20.625, 31.206532
609790246, -0.32416, 0.34405676, 0.72136205, 0.8624488, 0.070099995, -1.0579, 0.1753, 1.0746145, 6.8434997, 6.9933, -0.6558, 9.806621, 5.0, 1.3000001, -12.9375, -19.375, 20.625, 31.115273
609790266, 0.060720004, 0.064577185, 0.73775065, 0.74305665, -0.0451, -0.45679998, 0.0699, 0.46431267, 6.9392, 6.8981, -0.6583, 9.806612, 5.0, 1.3411765, -13.1875, -19.75, 20.3125, 31.250126
609790286, 0.31628856, -0.3948982, 0.5891184, 0.7765588, 0.0311, 0.0667, -0.7364, 0.7400683, 7.0393996, 6.7941, -0.6756, 9.806599, 5.0, 1.382353, -13.4375, -20.0625, 19.5625, 31.076708
609790306, 0.45472807, -0.5716477, 0.3447025, 0.80769956, -0.2008, 0.0378, -1.1321, 1.1503912, 7.1242, 6.7064, -0.6624, 9.806569, 5.0, 1.4235294, -13.625, -20.5625, 18.9375, 31.098005
609790326, 0.39121556, -0.5327792, 0.03354523, 0.6618373, -0.4308, -0.35079998, -1.2511, 1.3689048, 7.1777997, 6.6510997, -0.6414, 9.806596, 5.0, 1.4647058, -14.375, -20.875, 18.6875, 31.490139
609790346, 0.22834143, -0.4677308, -0.23738223, 0.5720684, -0.8735, -0.3017, -0.7265, 1.1755115, 7.1889997, 6.6412997, -0.61689997, 9.806587, 5.0, 1.5058823, -15.0625, -21.125, 18.375, 31.792847
609790366, 0.1330639, -0.3196396, -0.39692277, 0.52670974, -1.4162999, 0.0335, -0.22379999, 1.4342643, 7.1629996, 6.6726, -0.58019996, 9.806568, 5.0, 1.5470587, -15.625, -21.375, 18.0, 32.01611
609790386, 0.109432146, -0.15940093, -0.4760909, 0.5138546, -1.7296, 0.2749, -0.1731, 1.7598436, 7.1134996, 6.7276998, -0.5525, 9.806583, 5.0, 1.5882351, -16.25, -21.4375, 17.6875, 32.194355
609790406, 0.0792554, -0.00424115, -0.46591565, 0.47262755, -2.1475, 0.7334, -0.2201, 2.279929, 7.0509, 6.7939, -0.54469997, 9.806578, 5.0, 1.6294116, -16.875, -21.75, 17.5, 32.62021
609790426, 0.085172065, 0.14433873, -0.35934582, 0.39650646, -2.0252, 0.88619995, -0.0235, 2.2107322, 6.9873, 6.8584, -0.555, 9.80653, 5.0, 1.670588, -17.125, -21.8125, 17.4375, 32.75847
609790446, 0.08751081, 0.23643975, -0.20680407, 0.32608253, -1.8465999, 1.0529, -0.0603, 2.1265385, 6.9363, 6.9075, -0.5869, 9.8066435, 5.0, 1.7117645, -17.1875, -21.875, 17.125, 32.667896
609790466, 0.03981096, 0.26200882, -0.055414204, 0.2707476, -1.5602, 1.4433, -0.25079998, 2.1401494, 6.9048, 6.935, -0.6317, 9.806606, 5.0, 1.7529409, -17.3125, -21.9375, 17.3125, 32.87399
609790486, -0.007120943, 0.24308945, 0.046303585, 0.24756254, -1.0489, 1.6465, -0.3463, 1.9826944, 6.8936996, 6.9421, -0.6735, 9.8066025, 5.0, 1.7941173, -17.3125, -21.875, 17.25, 32.7994
609790506, -0.048991393, 0.13836971, 0.057473693, 0.15763743, -0.5911, 1.699, -0.2059, 1.8106339, 6.8968, 6.9357, -0.706, 9.80654, 5.0, 1.8352938, -17.375, -21.875, 17.125, 32.766933
609790526, -0.07937758, 0.06700319, 0.07480481, 0.12800777, -0.2931, 1.8977, -0.4191, 1.9654052, 6.9027996, 6.9284997, -0.7184, 9.806572, 5.0, 1.8764702, -17.25, -21.9375, 17.0, 32.67746
609790546, -0.17215927, -0.04485496, 0.13222614, 0.2216631, 0.2269, 1.7119, -1.0288, 2.0101032, 6.9122996, 6.9192, -0.71669996, 9.806573, 5.0, 1.9176466, -17.3125, -21.8125, 17.1875, 32.724884
609790566, -0.24075072, 0.030037116, 0.22108085, 0.32823753, 0.6002, 1.4311999, -1.1176, 1.9124861, 6.9312, 6.9033, -0.6867, 9.806561, 5.0, 1.9588231, -17.125, -21.6875, 17.3125, 32.608833
609790586, -0.25926867, 0.16029103, 0.35515705, 0.46802777, 0.87409997, 1.3841, -0.9406, 1.8879914, 6.9613, 6.8757997, -0.65779996, 9.806581, 5.0, 2.0, -16.8125, -21.8125, 17.5625, 32.66323
609790606, -0.23008676, 0.29876545, 0.46930158, 0.6020338, 1.5139999, 0.9946, -0.6497, 1.9244571, 7.0078998, 6.8294997, -0.6447, 9.806547, 5.0, 2.0, -16.625, -22.0625, 17.5625, 32.73509
609790626, -0.13048081, 0.285117, 0.4897045, 0.58148724, 2.4347, -0.5493, 0.018099999, 2.4959612, 7.0678997, 6.7664, -0.6555, 9.806582, 5.0, 2.0, -16.375, -22.25, 17.8125, 32.87078
609790646, 0.037507124, 0.11206759, 0.4171686, 0.43358454, 2.2156, -1.5389, 0.080299996, 2.6988044, 7.1301, 6.6986, -0.6785, 9.806626, 5.0, 2.0, -16.375, -22.4375, 17.6875, 32.93068
609790666, 0.123866014, -0.0011868239, 0.39973277, 0.41848594, 1.4259, -1.2069, -0.92819995, 2.0859897, 7.1842, 6.6383, -0.6996, 9.806589, 5.0, 2.0, -16.375, -22.9375, 17.75, 33.306637
609790686, -0.0050440016, -0.04649557, 0.3646342, 0.36762124, 2.236, -1.7959, -1.7062999, 3.3371263, 7.2370996, 6.5787997, -0.7158, 9.806559, 5.0, 2.0, -16.5625, -23.1875, 17.75, 33.571404
609790706, -0.31998867, -0.08965756, 0.23431045, 0.40661114, 3.5997, -2.5844, -1.4293, 4.6561637, 7.2855997, 6.5259, -0.70849997, 9.806595, 5.0, 2.0, -16.8125, -23.0625, 18.0625, 33.775627
609790726, -0.42350414, 0.21158627, 0.27129397, 0.5456418, 2.9403, -1.2314999, -1.1996, 3.4060235, 7.3173, 6.496, -0.6538, 9.806546, 5.0, 2.0, -16.875, -23.1875, 18.25, 33.992474
609790746, -0.431777, 0.20767672, 0.090669855, 0.48762897, 3.2805, -1.5798, -0.4585, 3.6698325, 7.3497996, 6.4616, -0.63, 9.806565, 5.0, 2.0, -17.0, -23.4375, 18.5, 34.35937
609790766, -0.31213468, -0.094230324, 0.031887166, 0.32760373, 0.1136, -0.2051, 0.5754, 0.62133414, 7.3589997, 6.4535, -0.6048, 9.806544, 5.0, 2.0, -17.3125, -23.4375, 18.3125, 34.41492
609790786, -0.05745624, -0.30773646, 0.35550612, 0.47369564, -2.4608998, 0.6077, 1.7177, 3.0619962, 7.3641996, 6.4523997, -0.5507, 9.806537, 5.0, 2.0, -17.5, -23.625, 18.375, 34.670322
609790806, 0.05258677, -0.47319368, 0.82541853, 0.9528869, -2.2059, 0.1928, 1.7433, 2.8182018, 7.4132, 6.4003997, -0.49789998, 9.806557, 5.0, 2.0, -17.8125, -23.9375, 18.125, 34.911385
609790826, 0.12767084, -0.7551865, 1.1146545, 1.352428, -1.3147, 0.373, 1.8657, 2.3126612, 7.5223, 6.2766, -0.4339, 9.806578, 5.0, 2.0, -17.875, -24.6875, 17.875, 35.334175
609790846, 0.22268656, -1.0639876, 1.1631572, 1.5920408, -0.23269999, 0.7617, 1.5314, 1.7261292, 7.6661997, 6.1063, -0.33499998, 9.806617, 5.0, 2.0, -17.9375, -25.3125, 17.25, 35.49703
609790866, 0.2848901, -1.1722853, 0.8360302, 1.4677744, 0.6806, 0.8354, 1.2464, 1.6476111, 7.8118, 5.9249997, -0.1971, 9.806563, 5.0, 2.0, -17.8125, -26.0625, 16.625, 35.67814
609790886, 0.34405676, -0.91999793, 0.4072551, 1.0633099, 0.6386, 0.59529996, 0.56589997, 1.0404012, 7.9126997, 5.7928, -0.0462, 9.806604, 5.0, 2.0, -17.9375, -27.0, 16.0, 36.14905
609790906, 0.16125096, -0.4849223, 0.037681658, 0.5124172, 0.2976, 0.56, -0.6191, 0.88625646, 7.9595, 5.7281, 0.060099997, 9.806548, 5.0, 2.0, -18.375, -27.1875, 15.5625, 36.317932
609790926, -0.2486396, -0.025726153, -0.23286183, 0.3416257, -0.2059, 0.50519997, -0.9328, 1.0806191, 7.963, 5.7223997, 0.1188, 9.806597, 5.0, 2.0, -18.6875, -27.375, 15.125, 36.433212
609790946, -0.6043028, 0.34679693, -0.51511645, 0.8664843, -0.1105, 0.4337, -0.2005, 0.4904143, 7.9361997, 5.7587, 0.1514, 9.80657, 5.0, 2.0, -18.875, -27.4375, 15.5625, 36.75967
609790966, -0.5793446, 0.6228033, -0.75932294, 1.1402173, -0.72859997, 0.69949996, 0.8531, 1.322096, 7.8775997, 5.8381996, 0.16669999, 9.806577, 5.0, 2.0, -19.25, -27.3125, 16.0, 37.04774
609790986, -0.16727236, 0.83184135, -0.8365887, 1.1915623, -1.298, 0.8657, 1.3237, 2.0460749, 7.79, 5.9553, 0.1374, 9.806558, 5.0, 2.0, -19.0625, -27.125, 16.0625, 36.839497
609791006, 0.2383247, 0.7644368, -0.78703874, 1.122761, -1.7871, 0.9262, 0.5596, 2.0891924, 7.6906996, 6.0845, 0.0287, 9.80657, 5.0, 2.0, -18.875, -27.125, 15.9375, 36.68835
609791026, 0.32876766, 0.5357986, -0.60257494, 0.87078404, -2.337, 1.0169, -0.45139998, 2.588323, 7.5933, 6.2046, -0.1173, 9.806581, 5.0, 2.0, -19.0, -27.0625, 16.0625, 36.761158
609791046, 0.24136159, 0.40329322, -0.2730393, 0.5435543, -2.9952, 1.0969, -0.6529, 3.25587, 7.5161, 6.2943997, -0.2394, 9.806556, 5.0, 2.0, -19.0625, -26.875, 16.0, 36.628468
609791066, 0.13217378, 0.31573007, 0.0871792, 0.3532076, -2.7624, 0.9403, -0.3168, 2.9351966, 7.4793997, 6.3339996, -0.3303, 9.806634, 5.0, 2.0, -19.0625, -26.5625, 15.9375, 36.372368
609791086, 0.05131268, 0.16753416, 0.28344148, 0.3332263, -1.9375999, 0.3084, 0.3649, 1.9956342, 7.4880996, 6.3199, -0.39429998, 9.8065405, 5.0, 2.0, -18.875, -26.4375, 16.0625, 36.23825
609791106, 0.11887438, 0.08810422, 0.408058, 0.43405622, -1.6482999, -0.2346, 1.0438, 1.9650568, 7.5225, 6.2769, -0.426, 9.806577, 5.0, 2.0, -18.6875, -26.0, 16.4375, 35.99186
609791126, 0.10684906, 0.14660765, 0.63077945, 0.6563484, -1.4043, 0.3597, 0.43449998, 1.5133514, 7.5727, 6.2142997, -0.45409998, 9.806605, 5.0, 2.0, -18.5625, -25.75, 16.5, 35.775394
609791146, -0.13137093, 0.3463257, 0.7616617, 0.8469524, 0.1765, 0.19399999, -0.0889, 0.2769322, 7.6491, 6.1172, -0.48959997, 9.806558, 5.0, 2.0, -18.25, -25.375, 16.9375, 35.550415
609791166, -0.4235914, 0.45725882, 0.7150963, 0.948619, 2.3334, -0.80439997, 0.0268, 2.4683058, 7.7379, 6.0013, -0.527, 9.80655, 5.0, 2.0, -18.0625, -25.3125, 17.625, 35.74377
609791186, -0.5104041, 0.2742785, 0.59142226, 0.82796216, 3.0867999, -1.1661, 0.94, 3.4309945, 7.8181, 5.8946, -0.5477, 9.806578, 5.0, 2.0, -17.9375, -25.0, 18.3125, 35.806446
609791206, -0.2459518, -0.04993387, 0.4180238, 0.4875752, 2.9715, -1.3220999, 1.9138, 3.7736442, 7.8844, 5.8072, -0.5311, 9.8066, 5.0, 2.0, -18.125, -24.625, 18.25, 35.608547
609791226, 0.20118411, -0.46558404, 0.28288296, 0.58074635, 2.0303, -1.6504999, 2.0932, 3.350784, 7.9332, 5.7436, -0.49469998, 9.806596, 5.0, 2.0, -18.5625, -24.625, 18.0, 35.70654
609791246, 0.48923326, -0.6516012, 0.33629003, 0.8814898, 2.0621998, -1.7268, 0.64959997, 2.7670357, 7.9698997, 5.6966996, -0.4437, 9.806557, 5.0, 2.0, -18.8125, -24.6875, 17.625, 35.693466
609791266, 0.46204102, -0.591527, 0.4077089, 0.85417366, 1.9498999, -0.80399996, -0.713, 2.2264085, 8.0135, 5.6387997, -0.39499998, 9.806542, 5.0, 2.0, -19.0625, -25.0625, 16.9375, 35.754536
609791286, 0.28560567, -0.42366123, 0.2374695, 0.5634281, 2.8509998, -1.4124, -1.384, 3.4696584, 8.0637, 5.5698, -0.35169998, 9.806611, 5.0, 2.035294, -19.25, -25.5625, 16.875, 36.176918
609791306, 0.15814428, -0.12246975, 0.0069115036, 0.2001405, 1.851, -1.2271999, -1.4010999, 2.6258905, 8.092899, 5.5295, -0.31489998, 9.806607, 5.0, 2.070588, -19.3125, -25.75, 17.0625, 36.430264
609791326, 0.19491836, 0.030543262, -0.116029486, 0.22888622, 0.7805, -1.2195, -0.5895, 1.5632885, 8.094399, 5.5274, -0.3126, 9.806588, 5.0, 2.1058822, -19.375, -25.9375, 17.0625, 36.596085
609791346, 0.35931093, -0.119258344, -0.10700613, 0.39341733, -0.43219998, -0.7705, -0.1021, 0.8893208, 8.0814, 5.5449, -0.3391, 9.806626, 5.0, 2.1411762, -19.625, -26.0625, 17.0, 36.78851
609791366, 0.5219407, -0.4101, -0.03141593, 0.6645232, -1.2939, -0.0791, -0.45409998, 1.3735504, 8.0703, 5.5596, -0.35979998, 9.806546, 5.0, 2.1764703, -19.8125, -26.1875, 16.75, 36.86303
609791386, 0.60852647, -0.6121568, -0.0145735, 0.86328024, -1.6464, -0.117, -0.66819996, 1.7806777, 8.069799, 5.561, -0.3516, 9.806631, 5.0, 2.2117643, -20.0, -26.625, 16.5, 37.1637
609791406, 0.5556605, -0.664953, -0.033196162, 0.8671926, -1.6194999, -0.0991, -0.817, 1.8166149, 8.0723, 5.5592, -0.3205, 9.8066025, 5.0, 2.2470584, -20.25, -26.8125, 16.0, 37.21522
609791426, 0.38161623, -0.56704, -0.12231267, 0.69435275, -1.355, 0.2068, -0.6762, 1.5284102, 8.0725, 5.5613, -0.2749, 9.806574, 5.0, 2.2823524, -20.375, -27.0625, 15.6875, 37.331184
609791446, 0.21505947, -0.431777, -0.26319566, 0.5495033, -1.1186, 0.41099998, -0.2251, 1.2127889, 8.0618, 5.5790997, -0.226, 9.806633, 5.0, 2.3176465, -20.5, -27.125, 15.375, 37.31496
609791466, 0.1386664, -0.33468434, -0.41624358, 0.5518158, -1.2968999, 0.4524, 0.1805, 1.3853502, 8.033999, 5.6205, -0.1805, 9.806516, 5.0, 2.3529406, -20.625, -26.9375, 15.0, 37.094738
609791486, 0.107948616, -0.2409078, -0.42348668, 0.4990295, -1.7215999, 0.7736, 0.0936, 1.8897419, 7.9880996, 5.6868, -0.1426, 9.806619, 5.0, 2.3882346, -20.75, -26.8125, 14.9375, 37.048637
609791506, 0.03249803, -0.16118115, -0.27743754, 0.32250127, -1.6345999, 1.2918999, -0.1481, 2.088745, 7.9403, 5.7539, -0.1166, 9.806596, 5.0, 2.4235287, -20.8125, -26.6875, 14.6875, 36.89316
609791526, -0.026197392, -0.21242402, -0.24404939, 0.32460803, -0.97529995, 1.4142, -0.0326, 1.7182066, 7.9086, 5.7978, -0.094799995, 9.806602, 5.0, 2.4588227, -20.75, -26.75, 14.5625, 36.85365
609791546, -0.065484755, -0.42133993, -0.34714597, 0.5498417, -0.73149997, 1.5509, 0.038599998, 1.7151889, 7.8805, 5.8364, -0.058199998, 9.806591, 5.0, 2.4941168, -20.9375, -26.6875, 14.4375, 36.8652
609791566, -0.033056535, -0.5910383, -0.3999073, 0.71438426, -1.0047, 1.527, 0.20989999, 1.8398937, 7.8399997, 5.891, 0.0156, 9.806616, 5.0, 2.5294108, -21.1875, -26.625, 14.125, 36.841774
609791586, 0.054419365, -0.63119835, -0.33011156, 0.7143854, -1.7314, 1.9326999, 0.0155, 2.5948632, 7.7918997, 5.9533997, 0.111899994, 9.806589, 5.0, 2.564705, -21.25, -26.5, 13.875, 36.692345
609791606, 0.044872414, -0.54717815, -0.1794024, 0.5775835, -1.4742, 1.9057, -0.72319996, 2.5155468, 7.7503996, 6.0049, 0.20349999, 9.806576, 5.0, 2.6000001, -21.625, -26.3125, 13.375, 36.590694
609791626, -0.09136798, -0.42046726, -0.15226252, 0.456426, -0.1652, 0.8745, -0.8515, 1.2317035, 7.7261996, 6.0327997, 0.2827, 9.806567, 5.0, 2.6058824, -21.75, -26.0625, 13.375, 36.48571
609791646, -0.16746435, -0.09506808, -0.08745845, 0.21149758, 0.0519, 0.78959996, -0.9176, 1.211673, 7.7050996, 6.0557, 0.35869998, 9.806565, 5.0, 2.6117647, -21.9375, -26.0625, 13.0625, 36.484745
609791666, -0.16514306, 0.33815753, 0.021345377, 0.37693286, 0.88689995, 0.46829998, -0.86429995, 1.3239753, 7.6938, 6.0678997, 0.3936, 9.806574, 5.0, 2.617647, -21.9375, -25.75, 13.0, 36.239708
609791686, -0.15353662, 0.55384535, 0.05242969, 0.5771196, 1.8526, -0.046099998, -0.8617, 2.043717, 7.699, 6.0634, 0.3615, 9.806636, 5.0, 2.6235292, -21.8125, -25.6875, 13.3125, 36.23335
609791706, -0.121038586, 0.6135356, 0.07714355, 0.6301011, 2.4212, -0.41799998, -0.70669997, 2.5566304, 7.7089996, 6.0541997, 0.29479998, 9.806575, 5.0, 2.6294115, -21.75, -25.5625, 13.5, 36.176704
609791726, 0.00710349, 0.52811915, 0.12067206, 0.5417767, 2.6146998, -0.54829997, -0.4991, 2.717791, 7.7214, 6.0417, 0.2147, 9.806541, 5.0, 2.6352937, -21.625, -25.5, 13.5, 36.057465
609791746, 0.17523105, 0.32513738, 0.124424525, 0.38974568, 2.4315, -0.5865, -0.652, 2.584817, 7.7379, 6.023, 0.1322, 9.806584, 5.0, 2.641176, -21.5, -25.375, 13.4375, 35.870697
609791766, 0.24767968, 0.16002923, 0.1598198, 0.33540565, 2.4747999, -1.4783, -0.91389996, 3.0241063, 7.7535, 6.0041, 0.0607, 9.806613, 5.0, 2.6470582, -21.625, -25.5625, 13.375, 36.055134
609791786, 0.11573278, -0.05656612, 0.18996164, 0.22951956, 2.9654, -2.1993, -0.5456, 3.73205, 7.7728, 5.9793997, 0.0061999997, 9.806614, 5.0, 2.6529405, -21.5, -25.8125, 13.5, 36.204765
609791806, 0.10512118, -0.12522738, 0.3241949, 0.3630905, 1.3737, -0.89519995, -0.0796, 1.6415757, 7.7955, 5.9498, 0.0011999999, 9.806627, 5.0, 2.6588228, -21.5625, -26.125, 13.8125, 36.581993
609791826, 0.01654572, -0.2589894, 0.29021335, 0.38932383, 1.0311999, -1.0243, 0.1682, 1.4631661, 7.8339, 5.8991, 0.0083, 9.806602, 5.0, 2.664705, -21.5625, -26.25, 13.875, 36.694954
609791846, -0.07920304, -0.20034635, 0.272411, 0.3473032, -0.81689996, -0.0206, 0.40399998, 0.9115733, 7.8679, 5.8535, 0.047, 9.806606, 5.0, 2.6705873, -21.5, -26.75, 13.875, 37.017944
609791866, -0.066305056, 0.12313298, 0.46987754, 0.4902479, -1.2896999, 0.1716, 0.0592, 1.302412, 7.8993998, 5.8104, 0.087799996, 9.806578, 5.0, 2.6764696, -21.4375, -27.125, 14.0625, 37.324066
609791886, -0.2353751, 0.16107644, 0.5434781, 0.6137715, 0.0777, -0.069699995, -0.1249, 0.16277404, 7.9539, 5.7358, 0.075899996, 9.806614, 5.0, 2.6823518, -21.0625, -27.4375, 14.3125, 37.43385
609791906, -0.37800342, 0.03853687, 0.47717303, 0.60997194, 0.6137, -0.1863, 0.8055, 1.0296434, 8.016, 5.6485996, 0.077, 9.806572, 5.0, 2.688234, -20.8125, -27.875, 14.625, 37.736805
609791926, -0.3492404, -0.08710938, 0.3606374, 0.5095255, 0.5503, -0.1363, 1.3872, 1.4985765, 8.0697, 5.5710998, 0.1131, 9.806631, 5.0, 2.6941164, -20.8125, -28.375, 14.875, 38.204273
609791946, -0.27656487, -0.16920967, 0.14866714, 0.35668188, 0.40269998, -0.13679999, 0.89309996, 0.9891962, 8.1094, 5.5116997, 0.16589999, 9.806565, 5.0, 2.7, -20.75, -28.4375, 14.875, 38.216743
609791966, -0.36774087, -0.094055794, -0.067125365, 0.3854681, -0.0052, 0.1418, 0.0409, 0.14767224, 8.1251, 5.4865, 0.22379999, 9.806581, 5.0, 2.7, -20.75, -28.5625, 14.8125, 38.285625
609791986, -0.5650329, 0.17299703, -0.19524999, 0.62234455, -0.4387, 0.6706, -0.2598, 0.84241205, 8.1173, 5.4955, 0.2795, 9.80659, 5.0, 2.7, -20.6875, -28.375, 14.875, 38.13632
609792006, -0.68423885, 0.4827755, -0.26509807, 0.8783689, -0.6928, 0.6597, 0.1275, 0.9651073, 8.0968, 5.5238, 0.3137, 9.806577, 5.0, 2.7, -20.5625, -28.3125, 15.6875, 38.34725
609792026, -0.6661224, 0.64093727, -0.2730044, 0.9638729, -1.0587, 0.71779996, 0.3357, 1.3224133, 8.070499, 5.5622997, 0.31149998, 9.806588, 5.0, 2.7, -20.6875, -28.125, 16.4375, 38.58989
609792046, -0.59041, 0.63016856, -0.20687388, 0.8879714, -1.6107, 0.9539, 0.3254, 1.9000434, 8.043799, 5.6022997, 0.2825, 9.806542, 5.0, 2.7, -20.5, -27.875, 17.125, 38.6074
609792066, -0.44771186, 0.5252743, -0.072326444, 0.6939669, -2.1302, 1.2781999, 0.3505, 2.5088637, 8.024, 5.6324, 0.24759999, 9.806621, 5.0, 2.7, -20.4375, -27.8125, 17.8125, 38.839565
609792086, -0.26211354, 0.35925856, 0.049427725, 0.44745204, -2.1343, 1.4446, 0.3549, 2.6015494, 8.0183, 5.6419, 0.2138, 9.806624, 5.0, 2.7, -20.1875, -27.6875, 18.3125, 38.85203
609792106, -0.019320795, 0.14159857, 0.099885195, 0.17435738, -2.0825, 1.4944999, 0.58889997, 2.6300454, 8.0253, 5.6328998, 0.1857, 9.806604, 5.0, 2.7, -20.0, -27.625, 18.625, 38.85912
609792126, 0.2840174, -0.09377654, 0.07998844, 0.30960956, -2.2707, 1.341, 0.75659996, 2.743502, 8.0371, 5.6166997, 0.1651, 9.806607, 5.0, 2.7, -19.9375, -28.0, 18.8125, 39.18436
609792146, 0.4198564, -0.24256586, 0.0646819, 0.48918435, -2.2696, 0.9956, 0.29279998, 2.495603, 8.0458, 5.6047, 0.1484, 9.806609, 5.0, 2.7, -20.0625, -28.1875, 18.875, 39.411987
609792166, 0.307527, -0.21066125, 0.12971286, 0.39468524, -2.0506, 0.8785, -0.061899997, 2.2317157, 8.0522995, 5.5955, 0.14039999, 9.806572, 5.0, 2.7, -20.125, -28.5625, 18.75, 39.65343
609792186, 0.13311626, -0.08267625, 0.18184586, 0.24004836, -1.0152999, 0.4073, 0.3502, 1.1486372, 8.0662, 5.5754, 0.14, 9.806542, 5.0, 2.7, -20.125, -28.6875, 19.0, 39.862118
609792206, 0.056967545, 0.012705997, 0.17442821, 0.18393461, 0.1512, -0.4552, 0.9009, 1.0206318, 8.0862, 5.5464, 0.13859999, 9.806548, 5.0, 2.7, -20.0, -28.5625, 19.125, 39.769108
609792226, 0.038990654, 0.09255481, 0.23225096, 0.2530359, 0.81839997, -0.57159996, 0.6935, 1.2155029, 8.105599, 5.5183, 0.1302, 9.806596, 5.0, 2.7, -20.0625, -28.75, 19.5, 40.116287
609792246, -0.018570304, 0.07475245, 0.27207938, 0.28277194, 1.6457, -0.6386, 0.36949998, 1.8035157, 8.1314, 5.4806, 0.1109, 9.806577, 5.0, 2.7, -19.9375, -28.8125, 19.75, 40.22097
609792266, -0.039252456, -0.05588544, 0.23047073, 0.24037616, 2.2043, -0.99679995, 0.5464, 2.4801414, 8.1613, 5.4361997, 0.1008, 9.806592, 5.0, 2.7, -19.9375, -28.875, 20.0, 40.388977
609792286, 0.050614547, -0.23911011, 0.15234978, 0.28800336, 2.0421, -1.5446, 0.5428, 2.6173637, 8.1861, 5.3984, 0.114199996, 9.806528, 5.0, 2.7, -19.875, -29.0625, 20.125, 40.55441
609792306, 0.21530381, -0.38758525, 0.1483879, 0.4675436, 1.4476999, -2.0009, 0.4208, 2.505296, 8.2019, 5.3736, 0.1479, 9.80656, 5.0, 2.7, -19.9375, -29.0, 20.0625, 40.509354
609792326, 0.3407232, -0.3561868, 0.23122121, 0.54444885, 2.2765, -1.8774999, -0.2277, 2.9596124, 8.216599, 5.3499, 0.1885, 9.806603, 5.0, 2.7, -20.0, -29.25, 19.75, 40.566303
609792346, 0.36491343, -0.1604132, 0.37618828, 0.5480984, 1.9296, -1.0022, -0.907, 2.3559308, 8.2397995, 5.3132, 0.21079999, 9.806571, 5.0, 2.7, -19.6875, -29.6875, 19.625, 40.670456
609792366, 0.22987731, -0.058276545, 0.50265485, 0.5557892, 1.8513, -0.91569996, -1.0519, 2.3178248, 8.2789, 5.2525, 0.1987, 9.80655, 5.0, 2.7, -19.4375, -30.0, 19.5625, 40.74933
609792386, 0.13835225, -0.085905105, 0.62145936, 0.6424428, 0.838, -0.5473, -0.46879998, 1.1052396, 8.3310995, 5.1699, 0.18439999, 9.806584, 5.0, 2.7, -19.0, -30.4375, 19.5, 40.83738
609792406, 0.31532863, -0.27646014, 0.6856177, 0.80370015, -0.0391, -0.3859, 0.5704, 0.6897853, 8.3944, 5.0664997, 0.1846, 9.806602, 5.0, 2.7, -18.5625, -30.875, 19.1875, 40.816566
609792426, 0.60320324, -0.55215234, 0.6832964, 1.0656549, -0.057699997, -0.1767, 0.32979998, 0.37857655, 8.462, 4.9521, 0.1996, 9.806558, 5.0, 2.7, -18.3125, -31.4375, 18.625, 40.87242
609792446, 0.69942325, -0.703804, 0.45759043, 1.0926673, 0.33859998, -0.0156, -1.0385, 1.0924172, 8.5266, 4.8385997, 0.23439999, 9.806625, 5.0, 2.7, -18.25, -31.9375, 18.0, 40.952
609792466, 0.58314943, -0.57677895, 0.08461356, 0.8245585, 0.3179, -0.25689998, -1.6703, 1.7195814, 8.5668, 4.764, 0.2875, 9.80655, 5.0, 2.7, -18.25, -32.3125, 17.375, 40.976223
609792486, 0.37065557, -0.23732987, -0.20549506, 0.48573577, -0.21609999, -0.1796, -1.4879999, 1.5142982, 8.5713, 4.7531, 0.33089998, 9.8065605, 5.0, 2.7, -18.3125, -32.4375, 17.0, 40.94556
609792506, 0.20188223, 0.0763407, -0.3715806, 0.42971674, -0.7342, 0.073699996, -0.8559, 1.1300646, 8.550099, 4.7907, 0.33609998, 9.806527, 5.0, 2.7, -18.375, -32.4375, 16.875, 40.92185
609792526, 0.13292427, 0.12507029, -0.516984, 0.5482553, -1.1597999, 0.2855, -0.30359998, 1.2324038, 8.5148, 4.8554, 0.30359998, 9.806575, 5.0, 2.7, -18.8125, -32.25, 16.75, 40.921085
609792546, 0.17029178, 0.05572836, -0.5407379, 0.5696512, -1.8748, 0.59959996, -0.15169999, 1.9741853, 8.4649, 4.9439, 0.26929998, 9.80659, 5.0, 2.7, -19.0625, -32.1875, 16.375, 40.835705
609792566, 0.23518312, -0.0829555, -0.43385395, 0.50042176, -2.3409, 0.7603, -0.085999995, 2.4627757, 8.4112, 5.036, 0.2429, 9.806558, 5.0, 2.7, -19.25, -32.0, 16.3125, 40.751198
609792586, 0.28665286, -0.26153758, -0.22642156, 0.4492644, -2.6397, 1.1970999, -0.1545, 2.9025738, 8.366799, 5.1099, 0.233, 9.806564, 5.0, 2.7, -19.25, -31.9375, 16.3125, 40.702137
609792606, 0.30901054, -0.33807027, -0.0053407075, 0.45804754, -2.2131999, 1.5892999, -0.3551, 2.747767, 8.342299, 5.1491, 0.2473, 9.806546, 5.0, 2.7, -19.1875, -31.9375, 16.0625, 40.572994
609792626, 0.3127979, -0.35433674, 0.07887143, 0.47918448, -1.2498, 1.3662, -0.3699, 1.8882077, 8.34, 5.1516, 0.27179998, 9.806552, 5.0, 2.7, -18.9375, -31.9375, 16.0, 40.43059
609792646, 0.29899237, -0.39088395, 0.024713863, 0.49274483, -0.8637, 1.247, -0.3674, 1.5607592, 8.3461, 5.1401997, 0.2987, 9.806541, 5.0, 2.7, -18.875, -31.8125, 16.0, 40.302616
609792666, 0.32470104, -0.24466026, -2.0943952E-4, 0.40655807, -1.0795, 1.7939, -0.6961, 2.2063437, 8.3462, 5.138, 0.33319998, 9.806585, 5.0, 2.7, -18.75, -31.8125, 15.75, 40.14549
609792686, 0.45486772, 0.058800142, 0.051591933, 0.46154505, -0.116799995, 0.92329997, -1.086, 1.4302171, 8.3446, 5.1401997, 0.3407, 9.806634, 5.0, 2.7, -18.6875, -31.75, 15.75, 40.06679
609792706, 0.39847612, 0.2626546, 0.090024084, 0.48566964, 0.3972, 0.69189996, -1.9413999, 2.0989347, 8.3503, 5.1344, 0.2841, 9.806644, 5.0, 2.7, -18.3125, -31.6875, 15.9375, 39.91803
609792726, 0.17957693, 0.3089931, 0.22717206, 0.4234758, 0.0827, 0.9436, -1.5723, 1.8355782, 8.3608, 5.1212, 0.19929999, 9.806599, 5.0, 2.7, -17.9375, -31.625, 16.375, 39.875244
609792746, 0.07953466, 0.21722367, 0.43750167, 0.49489352, 0.4213, 0.6217, -0.6196, 0.97360605, 8.385, 5.0836997, 0.1292, 9.806576, 5.0, 2.7, -17.75, -31.4375, 16.9375, 39.878036
609792766, 0.21933553, 0.14767231, 0.5849122, 0.64190143, 1.3671, -0.6186, 0.17999999, 1.5113002, 8.4296, 5.0102997, 0.0846, 9.806549, 5.0, 2.7, -17.375, -31.625, 17.25, 39.994923
609792786, 0.4193328, 0.068626344, 0.5977753, 0.73340636, 1.8776, -0.98209995, -0.4105, 2.1583354, 8.4879, 4.9116, 0.0379, 9.806615, 5.0, 2.7, -17.0625, -31.9375, 17.5625, 40.243935
609792806, 0.2651155, -0.06808529, 0.46771333, 0.5419203, 2.202, -0.81909996, -2.0546, 3.1210752, 8.546, 4.8097997, -0.0145, 9.806554, 5.0, 2.7, -16.9375, -32.0625, 17.5625, 40.290497
609792826, -0.018832102, -0.036651913, 0.3934321, 0.39558417, 1.3237, -0.2031, -1.8349999, 2.2717078, 8.5907, 4.7295, -0.028199999, 9.806584, 5.0, 2.7, -16.75, -32.125, 17.875, 40.39918
609792846, -0.07134906, 0.12126548, 0.41688934, 0.43999174, 2.3164, -0.722, -0.54859996, 2.48756, 8.6277, 4.6617, -0.0201, 9.806582, 5.0, 2.7, -16.6875, -32.3125, 18.25, 40.68947
609792866, -0.088435836, 0.033702306, 0.31824332, 0.3320174, 3.6606998, -0.7157, -0.3674, 3.7480571, 8.6662, 4.5896, -0.0345, 9.8065605, 5.0, 2.7, -16.5, -32.5, 18.75, 40.988567
609792886, -0.112259574, -0.10569714, 0.28394762, 0.32311043, 3.1021, -0.4473, -0.095, 3.135622, 8.6952, 4.5344, -0.0323, 9.806545, 5.0, 2.7, -16.3125, -32.6875, 18.9375, 41.148502
